"","X","title","Production.company","Release.date","Running.time","Box.office","Running.time..int.","Budget..float.","Release.date..datetime.","Budget"
"1",0,"Academy Award Review of","Walt Disney Productions","['May 19, 1937']","41 minutes (74 minutes 1966 release)","$45.472",41,NA,"1937-05-19",""
"2",1,"Snow White and the Seven Dwarfs","Walt Disney Productions","['December 21, 1937 ( Carthay Circle Theatre )']","83 minutes","$418 million",83,1490000,"1937-12-21","$1.49 million"
"3",2,"Pinocchio","Walt Disney Productions","['February 7, 1940 ( Center Theatre )', 'February 23, 1940 (United States)']","88 minutes","$164 million",88,2600000,"1940-02-07","$2.6 million"
"4",3,"Fantasia","Walt Disney Productions","['November 13, 1940']","126 minutes","$76.4–$83.3 million (United States and Canada)",126,2280000,"1940-11-13","$2.28 million"
"5",4,"The Reluctant Dragon","Walt Disney Productions","['June 27, 1941']","74 minutes","$960,000 (worldwide rentals)",74,6e+05,"1941-06-27","$600,000"
"6",5,"Dumbo","Walt Disney Productions","['October 23, 1941 (New York City)', 'October 31, 1941 (U.S.)']","64 minutes",">$1.3 million (est. United States/Canada rentals, 1941)",64,950000,"1941-10-23","$950,000"
"7",6,"Bambi","Walt Disney Productions","['August 9, 1942 (World Premiere – London)', 'August 13, 1942 (Premiere – New York City)', 'August 21, 1942 (U.S.)']","70 minutes","$267.4 million",70,858000,"1942-08-09","$858,000"
"8",7,"Saludos Amigos","Walt Disney Productions","['August 24, 1942 (World Premiere – Rio de Janeiro)', 'February 6, 1943 (U.S. Premiere – Boston)', 'February 19, 1943 (U.S.)']","42 minutes","$1.135 million (worldwide rentals)",42,NA,"1942-08-24",""
"9",8,"Victory Through Air Power","Walt Disney Productions","['July 17, 1943']","70 min","$799,000",70,788000,"1943-07-17","$788,000"
"10",9,"The Three Caballeros","Walt Disney Productions","['December 21, 1944 (Mexico City)', 'February 3, 1945 (US)']","71 minutes","$3.355 million (worldwide rentals)",71,NA,"1944-12-21",""
"11",10,"Make Mine Music","Walt Disney Productions","['April 20, 1946 (New York City premiere)', 'August 15, 1946 (U.S.)']","75 minutes","$3.275 million (worldwide rentals)",75,1350000,"1946-04-20","$1.35 million"
"12",11,"Song of the South","Walt Disney Productions","['November 12, 1946 (Premiere: Atlanta, Georgia)', 'November 20, 1946', 'March 30, 1947 (Stanford Theatre, Palo Alto, California)']","94 minutes","$65 million",94,2125000,"1946-11-12","$2.125 million"
"13",12,"Fun and Fancy Free","Walt Disney Productions","['September 27, 1947']","73 minutes","$3.165 million (worldwide rentals)",73,NA,"1947-09-27",""
"14",13,"Melody Time","Walt Disney Productions","May 27, 1948","75 minutes","$2.56 million (worldwide rentals)",75,1500000,"1948-05-27","$1.5 million"
"15",14,"So Dear to My Heart","Walt Disney Productions","['November 29, 1948 (Chicago, Illinois)', 'January 19, 1949 (Indianapolis, Indiana)']","82 minutes","$3.7 million (U.S. rental) $575,000 (foreign rental)",82,1500000,"1948-11-29","$1.5 million"
"16",15,"The Adventures of Ichabod and Mr. Toad","Walt Disney Productions","['October 5, 1949']","68 minutes","$1.625 million (worldwide rentals)",68,NA,"1949-10-05",""
"17",16,"Cinderella","Walt Disney Productions","['February 15, 1950 (Boston)', 'March 4, 1950 (United States)']","74 minutes","$263.6 million",74,2200000,"1950-02-15","$2.2 million"
"18",17,"Treasure Island","Walt Disney Productions","['June 22, 1950 (World Premiere- London )', 'July 29, 1950 ( US )']","96 minutes","$4,100,000 (worldwide rentals)",96,1800000,"1950-06-22","$1,800,000"
"19",18,"Alice in Wonderland","Walt Disney Productions","['July 26, 1951 (London, premiere)', 'July 28, 1951 (New York City, premiere)']","75 minutes","['$2.4 million (1951, domestic)', '$3.5 million (1974, domestic)']",75,3e+06,"1951-07-26","$3 million"
"20",19,"The Story of Robin Hood","","['March 13, 1952 (Premiere- London )', 'June 26, 1952 ( US )']","84 minutes","$2.1 million (US rentals)",84,NA,"1952-03-13",""
"21",20,"Peter Pan","Walt Disney Productions","['February 5, 1953 (United States)']","77 minutes","$87.4 million (United States and Canada)",77,4e+06,"1953-02-05","$4 million"
"22",21,"The Sword and the Rose","Walt Disney Productions","[""July 23, 1953 ('US )""]","92 minutes","$1 million (US)",92,2e+06,"1953-07-23","$2 million"
"23",22,"The Living Desert","Walt Disney Productions","['November 10, 1953']","69 minutes","$2.6 million (US)",69,3e+05,"1953-11-10","$300,000"
"24",23,"Rob Roy: The Highland Rogue","Walt Disney Productions","['26 October 1953 (Premiere- London )', '27 February 1954 ( US )']","81 minutes","",81,1800000,"1953-10-26","$1.8 million"
"25",24,"The Vanishing Prairie","Walt Disney Productions","['August 17, 1954']","['60 minutes (VHS version)', '71 minutes (original)']","$1.75 million (US and Canadian rentals)",60,NA,"1954-08-17",""
"26",25,"20,000 Leagues Under the Sea","Walt Disney Productions","['December 23, 1954']","127 minutes","$28.2 million",127,5e+06,"1954-12-23","$5 million"
"27",26,"Davy Crockett: King of the Wild Frontier","Walt Disney Productions","May 25, 1955","92 minutes","$2,150,000 (US)",92,NA,"1955-05-25",""
"28",27,"Lady and the Tramp","Walt Disney Productions","['June 22, 1955']","76 minutes","$187 million",76,4e+06,"1955-06-22","$4 million"
"29",28,"The African Lion","Walt Disney Productions","['September 14, 1955']","75 minutes","$2.1 million (US)",75,NA,"1955-09-14",""
"30",29,"The Littlest Outlaw","Walt Disney Productions","December 22, 1955","73 minutes","$1.6 million (US)",73,NA,"1955-12-22",""
"31",30,"The Great Locomotive Chase","Walt Disney Productions","June 8, 1956","85 minutes","$1.7 million (US)",85,NA,"1956-06-08",""
"32",31,"Davy Crockett and the River Pirates","Walt Disney Productions","July 18, 1956","81 minutes","",81,NA,"1956-07-18",""
"33",32,"Secrets of Life","Walt Disney Productions","['September 4, 1956']","70 minutes","",70,NA,"1956-09-04",""
"34",33,"Westward Ho the Wagons!","Walt Disney Productions","['December 20, 1956']","90 min.","$2.75 million (US)",90,NA,"1956-12-20",""
"35",34,"Johnny Tremain","Walt Disney Productions","June 19, 1957","80 minutes","",80,7e+05,"1957-06-19","$700,000"
"36",35,"Perri","Walt Disney Productions","August 28, 1957","75 minutes","$1.75 million (US rentals)",75,NA,"1957-08-28",""
"37",36,"Old Yeller","Walt Disney Productions","['December 25, 1957']","83 minutes","$6,250,000 (US/Canada rentals)",83,NA,"1957-12-25",""
"38",37,"The Light in the Forest","Walt Disney Productions","['July 8, 1958']","83 minutes","",83,NA,"1958-07-08",""
"39",38,"White Wilderness","Walt Disney Productions","['August 12, 1958']","72 minutes","$1.8 million (est. US/ Canada rentals)",72,NA,"1958-08-12",""
"40",39,"Tonka","Walt Disney Productions","['December 25, 1958']","97 minutes","$2.5 million (est. US/ Canada rentals)",97,NA,"1958-12-25",""
"41",40,"Sleeping Beauty","Walt Disney Productions","['January 29, 1959']","75 minutes","$51.6 million (United States and Canada)",75,6e+06,"1959-01-29","$6 million"
"42",41,"The Shaggy Dog","Walt Disney Productions","['March 19, 1959']","104 minutes","$12.3 million (US and Canada rentals)",104,1e+06,"1959-03-19","under $1 million or $1,250,000"
"43",42,"Darby O'Gill and the Little People","Walt Disney Productions","['June 24, 1959 (Dublin)', 'June 26, 1959 (Los Angeles)']","93 minutes","['Original release', ':', '$2.6 million (est. US/ Canada rentals)', '1969 re-release', ':', '$2.3 million  (US/ Canada rentals)']",93,NA,"1959-06-24",""
"44",43,"Third Man on the Mountain","Walt Disney Productions","['November 10, 1959']","105 minutes","$1,700,000 (US/Canada rentals)",105,2e+06,"1959-11-10","$2 million"
"45",44,"Toby Tyler or 10 Weeks with a Circus","Walt Disney Productions","January 21, 1960 ( Sarasota, FL )","95 minutes","$3,100,000 (US/Canada rentals)",95,NA,"1960-01-21",""
"46",45,"Kidnapped","Walt Disney Productions","['February 24, 1960']","97 minutes","",97,NA,"1960-02-24",""
"47",46,"Pollyanna","Walt Disney Productions","May 19, 1960","134 minutes","$3.75 million (US and Canadian rentals)",134,2500000,"1960-05-19","$2.5 million"
"48",47,"Jungle Cat","Walt Disney Productions","['June 1960 ( Berlin )', 'August 10, 1960 (US)']","69 minutes","$2.3 million (US and Canadian rentals)",69,NA,"",""
"49",48,"Ten Who Dared","Walt Disney Productions","['November 1, 1960']","92 minutes","",92,NA,"1960-11-01",""
"50",49,"Swiss Family Robinson","Walt Disney Productions","['December 21, 1960']","131 minutes","$40 million",131,4e+06,"1960-12-21","$4 million"
"51",50,"One Hundred and One Dalmatians","Walt Disney Productions","['January 25, 1961']","79 minutes","$303 million",79,3600000,"1961-01-25","$3.6 million"
"52",51,"The Absent-Minded Professor","Walt Disney Productions","March 16, 1961","97 minutes","$25.4 million",97,NA,"1961-03-16",""
"53",52,"The Parent Trap","Walt Disney Productions","['June 21, 1961']","128 minutes","$25.1 million",128,NA,"1961-06-21",""
"54",53,"Nikki: Wild Dog of the North","Walt Disney Productions","['July 12, 1961']","74 minutes","",74,NA,"1961-07-12",""
"55",54,"Greyfriars Bobby","Walt Disney Productions","['July 17, 1961']","91 minutes","",91,NA,"1961-07-17",""
"56",55,"Babes in Toyland","Walt Disney Productions","['December 14, 1961']","105 minutes","$4.6 million (U.S./Canada rentals)",105,3e+06,"1961-12-14","$3 million"
"57",56,"Moon Pilot","Walt Disney Productions","April 5, 1962","98 minutes","$3.5 million",98,NA,"1962-04-05",""
"58",57,"Bon Voyage!","Walt Disney Productions","['May 17, 1962']","130 minutes","$5 million (rentals)",130,3e+06,"1962-05-17","$3 million"
"59",58,"Big Red","Walt Disney Productions","['June 6, 1962']","89 min.","",89,NA,"1962-06-06",""
"60",59,"Almost Angels","Walt Disney Productions","September 26, 1962","93 minutes","",93,NA,"1962-09-26",""
"61",60,"The Legend of Lobo","Walt Disney Productions","['November 7, 1962 (Los Angeles)']","67 minutes","",67,NA,"1962-11-07",""
"62",61,"In Search of the Castaways","Walt Disney Productions","['November 14, 1962 (London, premiere)', 'December 19, 1962 (US)']","98 minutes","$21,745,500",98,NA,"1962-11-14",""
"63",62,"Son of Flubber","Walt Disney Productions","['January 16, 1963']","100 minutes","$22.1 million",100,NA,"1963-01-16",""
"64",63,"Miracle of the White Stallions","Walt Disney Productions","['March 29, 1963 (U.S.)']","118 minutes","$2,550,000 (US/ Canada)",118,NA,"1963-03-29",""
"65",64,"Savage Sam","Walt Disney Productions","['June 1, 1963']","103 Minutes","$3,000,000 (US/ Canada)",103,NA,"1963-06-01",""
"66",65,"Summer Magic","Walt Disney Productions","['July 7, 1963']","110 minutes","$4,350,000 (US/ Canada rentals)",110,NA,"1963-07-07",""
"67",66,"The Incredible Journey","Walt Disney Productions","November 20, 1963","80 min.","$4.2 million (US/Canada) (rentals)",80,NA,"1963-11-20",""
"68",67,"The Sword in the Stone","Walt Disney Productions","['December 25, 1963']","79 minutes","$22.2 million (United States and Canada)",79,3e+06,"1963-12-25","$3 million"
"69",68,"A Tiger Walks","Walt Disney Productions","['March 12, 1964']","91 minutes","est. $1,600,000 (US/ Canada)",91,NA,"1964-03-12",""
"70",69,"The Misadventures of Merlin Jones","Walt Disney Productions","['February 11, 1964 (Los Angeles)']","91 minutes","$4,000,000 (US/ Canada)",91,NA,"1964-02-11",""
"71",70,"The Three Lives of Thomasina","Walt Disney Productions","['11 December 1963 ( New York City )', '4 June 1964 (U.S.)']","97 minutes","$2,250,000 (US/ Canada)",97,NA,"1963-12-11",""
"72",71,"The Moon-Spinners","Walt Disney Productions","['July 2, 1964']","118 minutes","est. $3,500,000 (US/ Canada)",118,NA,"1964-07-02",""
"73",72,"Mary Poppins","Walt Disney Productions","['August 27, 1964 (LA)', 'September 24, 1964 (NY)']","139 minutes","$103.1 million",139,4400000,"1964-08-27","$4.4–6 million"
"74",73,"Emil and the Detectives","Walt Disney Productions","['December 18, 1964']","92 minutes","$1,275,000",92,NA,"1964-12-18",""
"75",74,"Those Calloways","Walt Disney Productions","['January 28, 1965', '(', 'Atlanta, Georgia', 'Premiere)']","131 mins.","$3,500,000 (US/ Canada rentals)",131,NA,"1965-01-28",""
"76",75,"The Monkey's Uncle","Walt Disney Productions","['August 18, 1965 (Los Angeles)']","87 minutes","$4,000,000 (US/Canada rentals)",87,NA,"1965-08-18",""
"77",76,"That Darn Cat!","Walt Disney Productions","['December 2, 1965']","116 minutes","$28,068,222",116,NA,"1965-12-02",""
"78",77,"The Ugly Dachshund","Walt Disney Productions","['February 4, 1966 (premiere)', 'February 16, 1966']","93 minutes","$6.2 million (est. US/ Canada rentals)",93,NA,"1966-02-04",""
"79",78,"Lt. Robin Crusoe, U.S.N.","Walt Disney Productions","['June 25, 1966 (San Diego)', 'June 29, 1966 (U.S.)']","110 min.","$22,565,634",110,NA,"1966-06-25",""
"80",79,"The Fighting Prince of Donegal","Walt Disney Productions","October 1, 1966","110 min.","",110,NA,"1966-10-01",""
"81",80,"Follow Me, Boys!","Walt Disney Productions","['December 1, 1966']","131 minutes","$16,207,116",131,NA,"1966-12-01",""
"82",81,"Monkeys, Go Home!","Walt Disney Productions","['February 8, 1967 (San Francisco)']","101 minutes","$3,000,000 (US/ Canada)",101,NA,"1967-02-08",""
"83",82,"The Adventures of Bullwhip Griffin","Walt Disney Productions","['June 15, 1967 (uk)']","108 minutes","$1,900,000 (US/ Canada)",108,NA,"1967-06-15",""
"84",83,"The Gnome-Mobile","Walt Disney Productions","['July 12, 1967']","84 minutes","$4,000,000 (US/ Canada)",84,NA,"1967-07-12",""
"85",84,"The Jungle Book","Walt Disney Productions","['October 18, 1967']","78 minutes","$378 million",78,4e+06,"1967-10-18","$4 million"
"86",85,"Charlie, the Lonesome Cougar","Walt Disney Productions","['October 19, 1967']","75 minutes","",75,NA,"1967-10-19",""
"87",86,"The Happiest Millionaire","Walt Disney Productions","['June 23, 1967', 'November 30, 1967']","['164 minutes', '(', 'Los Angeles', 'premiere)', '144 minutes', '(', 'New York City', 'premiere)', '118 minutes', '(General release)', '172 minutes', '(', ""Director's cut"", ')']","$5 million (U.S./Canada rentals)",164,5e+06,"1967-06-23","$5 million"
"88",87,"Blackbeard's Ghost","Walt Disney Productions","['February 8, 1968']","106 minutes","$21,540,050",106,NA,"1968-02-08",""
"89",88,"The One and Only, Genuine, Original Family Band","Walt Disney Productions","['March 21, 1968 ( Radio City Music Hall )']","110 minutes","$2,250,000 (US/ Canada)",110,NA,"1968-03-21",""
"90",89,"Never a Dull Moment","Walt Disney Productions","['June 26, 1968']","99 minutes","$4,150,000 (US/ Canada rentals)",99,NA,"1968-06-26",""
"91",90,"The Horse in the Gray Flannel Suit","Walt Disney Productions","['December 3, 1968']","113 mins.","$3.3 million  (US/ Canada rentals)",113,NA,"1968-12-03",""
"92",91,"The Love Bug","Walt Disney Productions","['December 24, 1968 (limited)', 'March 13, 1969 (wide)']","108 minutes","$51,264,000",108,5e+06,"1968-12-24","$5 million"
"93",92,"Smith!","Walt Disney Productions","['May 9, 1969']","112 minutes","$1.3 million (US/ Canada rentals)",112,NA,"1969-05-09",""
"94",93,"Rascal","Walt Disney Productions","September 4, 1969","93 minutes","",93,NA,"1969-09-04",""
"95",94,"The Computer Wore Tennis Shoes","Walt Disney Productions","['November 28, 1969']","91 minutes","$5.5 million (US/ Canada rentals)",91,NA,"1969-11-28",""
"96",95,"King of the Grizzlies","Walt Disney Productions Robert Lawrence Productions","['February 11, 1970']","93 minutes","",93,NA,"1970-02-11",""
"97",96,"The Boatniks","Walt Disney Productions","July 1, 1970","100 minutes","$18,607,492",100,NA,"1970-07-01",""
"98",97,"The Wild Country","Walt Disney Productions","['December 15, 1970 (original release)', 'January 20, 1971']","100 minutes","$4 million (rentals) (US/Canada)",100,NA,"1970-12-15",""
"99",98,"The Aristocats","Walt Disney Productions","['December 11, 1970 (premiere)', 'December 24, 1970 (United States)']","79 minutes","$191 million",79,4e+06,"1970-12-11","$4 million"
"100",99,"The Barefoot Executive","Walt Disney Productions","March 17, 1971","96 minutes","",96,NA,"1971-03-17",""
"101",100,"Scandalous John","Walt Disney Productions","June 22, 1971","113 minutes","",113,NA,"1971-06-22",""
"102",101,"The Million Dollar Duck","Walt Disney Productions","['June 30, 1971']","89 minutes","$5.1 million (North America) (rentals)",89,NA,"1971-06-30",""
"103",102,"Bedknobs and Broomsticks","Walt Disney Productions","['October 7, 1971 (United Kingdom)', 'December 13, 1971 (United States)']","['118 minutes (1971 original version)', '139 minutes (1996 reconstruction version)']","$17.9 million",118,6300000,"1971-10-07","$6.3 million"
"104",103,"The Biscuit Eater","Walt Disney Productions","['March 22, 1972 (US)']","92 minutes","",92,NA,"1972-03-22",""
"105",104,"Now You See Him, Now You Don't","Walt Disney Productions","July 12, 1972","88 minutes","$4,610,000 (US/Canada) (rentals)",88,NA,"1972-07-12",""
"106",105,"Napoleon and Samantha","Walt Disney Productions","['July 5, 1972']","92 minutes","",92,NA,"1972-07-05",""
"107",106,"Run, Cougar, Run","Walt Disney Productions","['October 18, 1972']","87 minutes","",87,NA,"1972-10-18",""
"108",107,"Snowball Express","Walt Disney Productions","['December 22, 1972']","93 minutes","$6,100,000 (US/ Canada rentals)",93,NA,"1972-12-22",""
"109",108,"The World's Greatest Athlete","Walt Disney Productions","February 1, 1973","93 minutes","$22,583,370",93,NA,"1973-02-01",""
"110",109,"Charley and the Angel","Walt Disney Productions","['March 23, 1973']","93 minutes","",93,NA,"1973-03-23",""
"111",110,"One Little Indian","Walt Disney Productions","['June 20, 1973']","90 Minutes","$2 million",90,NA,"1973-06-20",""
"112",111,"Robin Hood","Walt Disney Productions","['November 8, 1973']","83 minutes","$32 million",83,5e+06,"1973-11-08","$5 million"
"113",112,"Superdad","Walt Disney Productions","['December 14, 1973']","96 minutes","$7 million (US/Canada rentals)",96,NA,"1973-12-14",""
"114",113,"Herbie Rides Again","Walt Disney Productions","['June 6, 1974']","88 minutes","['$38,229,000 (US/Canada gross)', '$30.8 million (worldwide rentals)']",88,NA,"1974-06-06",""
"115",114,"The Bears and I","Walt Disney Productions","['July 31, 1974']","89 minutes","$4 million (rentals) (US/Canada)",89,NA,"1974-07-31",""
"116",115,"The Castaway Cowboy","Walt Disney Productions","['August 1, 1974']","91 minutes","",91,NA,"1974-08-01",""
"117",116,"The Island at the Top of the World","Walt Disney Productions","December 20, 1974 (with Winnie the Pooh and Tigger Too )","93 minutes","$10 million (US/Canada rentals)",93,8e+06,"1974-12-20","$8 million"
"118",117,"The Strongest Man in the World","Walt Disney Productions","['February 6, 1975']","92 minutes","$6.6 million (US/Canada rentals)",92,NA,"1975-02-06",""
"119",118,"Escape to Witch Mountain","Walt Disney Productions","['March 21, 1975 (U.S.)']","97 min.","$20,000,000",97,NA,"1975-03-21",""
"120",119,"The Apple Dumpling Gang","Walt Disney Productions","['July 1, 1975']","100 minutes","$36,853,000",100,NA,"1975-07-01",""
"121",120,"One of Our Dinosaurs is Missing","Walt Disney Productions","['July 9, 1975']","100 minutes","$5.5 million (North American rentals)",100,NA,"1975-07-09",""
"122",121,"The Best of Walt Disney's True-Life Adventures","Walt Disney Productions","['October 8, 1975']","89 minutes","",89,NA,"1975-10-08",""
"123",122,"Ride a Wild Pony","Walt Disney Productions","December 25, 1975","91 minutes","",91,1e+06,"1975-12-25","AU$1 million"
"124",123,"No Deposit, No Return","Walt Disney Productions","['February 11, 1976 (Los Angeles)']","112 minutes","",112,NA,"1976-02-11",""
"125",124,"Treasure of Matecumbe","Walt Disney Productions","['July 1, 1976']","115 minutes","",115,NA,"1976-07-01",""
"126",125,"Gus","Walt Disney Productions","['July 7, 1976']","95 minutes","$21,873,000",95,NA,"1976-07-07",""
"127",126,"The Shaggy D.A.","Walt Disney Productions","['December 16, 1976']","91 min.","$10.5 million (US and Canada rentals)",91,NA,"1976-12-16",""
"128",127,"Freaky Friday: The Movie","Walt Disney Productions","['December 17, 1976']","95 minutes","$36 million",95,5e+06,"1976-12-17","$5 million"
"129",128,"Escape from the Dark","Walt Disney Productions","['May 26, 1976', '(UK)', 'March 11, 1977', '(US)']","104 minutes","",104,NA,"1976-05-26",""
"130",129,"The Many Adventures of","Walt Disney Productions","['March 11, 1977']","74 minutes","",74,NA,"1977-03-11",""
"131",130,"A Tale of Two Critters","Walt Disney Productions","['June 20, 1977']","48 minutes","",48,NA,"1977-06-20",""
"132",131,"The Rescuers","Walt Disney Productions","['June 22, 1977']","77 minutes","$169 million",77,7500000,"1977-06-22","$7.5 million"
"133",132,"Herbie Goes to Monte Carlo","Walt Disney Productions","['June 24, 1977']","104 minutes","$29 million",104,NA,"1977-06-24",""
"134",133,"Pete's Dragon","Walt Disney Productions","['November 3, 1977']","128 minutes","$36 –39.6 million",128,1e+07,"1977-11-03","$10 million"
"135",134,"Candleshoe","Walt Disney Productions","December 16, 1977","101 minutes","",101,NA,"1977-12-16",""
"136",135,"Return from Witch Mountain","Walt Disney Productions","['March 10, 1978']","94 minutes","",94,NA,"1978-03-10",""
"137",136,"The Cat from Outer Space","Walt Disney Productions","['June 30, 1978 (New York)']","104 minutes","",104,3500000,"1978-06-30","$3.5 to 4 million"
"138",137,"Hot Lead and Cold Feet","Walt Disney Productions","July 5, 1978","90 minutes","",90,NA,"1978-07-05",""
"139",138,"The North Avenue Irregulars","Walt Disney Productions","February 9, 1979","100 minutes","",100,NA,"1979-02-09",""
"140",139,"The Apple Dumpling Gang Rides Again","Walt Disney Productions","['June 27, 1979']","88 minutes","$20,931,111",88,NA,"1979-06-27",""
"141",140,"Unidentified Flying Oddball","Walt Disney Productions","['July 19, 1979 (London)', 'August 3, 1979 (Los Angeles)']","93 minutes","",93,5250000,"1979-07-19","$5.25 million"
"142",141,"The Black Hole","Walt Disney Productions","['December 18, 1979 (United Kingdom)', 'December 21, 1979 (United States)']","98 minutes","['$35.8 million']",98,2e+07,"1979-12-18","$20 million"
"143",142,"Midnight Madness","Walt Disney Productions","['February 8, 1980']","112 minutes","$2.9 million",112,NA,"1980-02-08",""
"144",143,"The Watcher in the Woods","Walt Disney Productions","['April 17, 1980 (New York City)', 'October 9, 1981 (U.S.)']","84 minutes","$5 million",84,9e+06,"1980-04-17","$9 million"
"145",144,"Herbie Goes Bananas","Walt Disney Productions","['June 27, 1980']","98 minutes","$18 million",98,NA,"1980-06-27",""
"146",145,"The Last Flight of Noah's Ark","Walt Disney Productions","['July 9, 1980 (Los Angeles)']","97 minutes","$11 million",97,6e+06,"1980-07-09","$6-8 million"
"147",146,"Popeye","","['December 6, 1980 ( Los Angeles )', 'December 12, 1980 ( United States )']","114 minutes","$60 million",114,2e+07,"1980-12-06","$20 million"
"148",147,"The Devil and Max Devlin","Walt Disney Productions","February 11, 1981 (Los Angeles)","96 minutes","$16 million (USA)",96,NA,"1981-02-11",""
"149",148,"Amy","Walt Disney Productions","March 20, 1981","100 minutes","",100,NA,"1981-03-20",""
"150",149,"Dragonslayer","","['June 26, 1981']","109 minutes","$14.1 million",109,1.8e+07,"1981-06-26","$18 million"
"151",150,"The Fox and the Hound","Walt Disney Productions","['July 10, 1981']","83 minutes","$63.5 million",83,1.2e+07,"1981-07-10","$12 million"
"152",151,"Condorman","Walt Disney Productions","['August 7, 1981']","90 minutes","",90,1.4e+07,"1981-08-07","$14 million"
"153",152,"Night Crossing","Walt Disney Productions","February 5, 1982","107 minutes","$8 million",107,NA,"1982-02-05",""
"154",153,"Tron","","['July 9, 1982']","96 minutes","",96,NA,"1982-07-09",""
"155",154,"Tex","Walt Disney Productions","July 30, 1982","103 minutes","$7.4 million",103,5e+06,"1982-07-30","$5 million"
"156",155,"Trenchcoat","Walt Disney Productions","['March 11, 1983']","91 min","$4,304,286 (US)",91,NA,"1983-03-11","unknown"
"157",156,"Something Wicked This Way Comes","","['April 29, 1983 (United States)']","95 minutes","$8.4 million",95,2e+07,"1983-04-29","$20 million"
"158",157,"Never Cry Wolf","","['October 7, 1983 (limited)', 'January 27, 1984 (release)']","105 minutes","$27.6 million",105,1.1e+07,"1983-10-07","$11 million"
"159",158,"Return to Oz","","['June 21, 1985 (United States)']","113 minutes","$11.1 million (USA)",113,2.8e+07,"1985-06-21","$28 million"
"160",159,"The Black Cauldron","","['July 24, 1985']","80 minutes","$21.3 million",80,4.4e+07,"1985-07-24","$44 million"
"161",160,"The Journey of Natty Gann","","['September 27, 1985']","101 minutes","$9.7 million (U.S. and Canada only)",101,NA,"1985-09-27",""
"162",161,"One Magic Christmas","","['November 22, 1985']","89 minutes","$13 million",89,NA,"1985-11-22",""
"163",162,"The Great Mouse Detective","","['July 2, 1986']","74 minutes","$38.7 million",74,1.4e+07,"1986-07-02","$14 million"
"164",163,"Flight of the Navigator","","['August 1, 1986']","90 minutes","$18,564,613",90,9e+06,"1986-08-01","$9 million"
"165",164,"Benji the Hunted","","['June 5, 1987']","89 minutes","$22.3 million",89,NA,"1987-06-05",""
"166",165,"The Man from Snowy River II","","['24 March 1988 (Australia)']","110 minutes","$13,687,027",110,8700000,"1988-03-24","A$8.7 million"
"167",166,"Oliver & Company","","['November 18, 1988']","74 minutes",">$121 million",74,3.1e+07,"1988-11-18","$31 million"
"168",167,"Honey, I Shrunk the Kids","","['June 23, 1989']","93 minutes","$222.7 million",93,1.8e+07,"1989-06-23","$18 million"
"169",168,"Cheetah","","August 18, 1989","84 minutes","$8,153,677 (United States)",84,5e+06,"1989-08-18","$5 million"
"170",169,"The Little Mermaid","","['November 17, 1989']","83 minutes","",83,4e+07,"1989-11-17","$40 million"
"171",170,"DuckTales the Movie: Treasure of the Lost Lamp","","['August 3, 1990']","74 minutes","$18.1 million",74,2e+07,"1990-08-03","$20 million"
"172",171,"The Rescuers Down Under","","['November 16, 1990']","77 minutes","$47.4 million",77,NA,"1990-11-16",""
"173",172,"White Fang","","['January 18, 1991']","107 minutes","$34.8 million",107,1.4e+07,"1991-01-18","$14 million"
"174",173,"Shipwrecked","","['3 October 1990']","93 minutes","$15.1 million",93,8700000,"1990-10-03","60 million Norwegian Kroner (around $8.7 million in 1989)"
"175",174,"Wild Hearts Can't Be Broken","Walt Disney Pictures","['May 24, 1991']","88 minutes","$7.3 million",88,NA,"1991-05-24",""
"176",175,"The Rocketeer","","['June 21, 1991']","108 minutes","$46.7 million (USA)",108,3.5e+07,"1991-06-21","$35-40 million"
"177",176,"Beauty and the Beast","","['September 29, 1991 ( NYFF )', 'November 22, 1991 (United States)']","84 minutes","$440.1 million",84,2.5e+07,"1991-09-29","$25 million"
"178",177,"Newsies","Walt Disney Pictures","['April 10, 1992']","121 minutes","$2.8 million",121,1.5e+07,"1992-04-10","$15 million"
"179",178,"Honey, I Blew Up the Kid","","['July 17, 1992']","89 minutes","$96 million",89,4e+07,"1992-07-17","$40 million"
"180",179,"The Mighty Ducks","","['October 2, 1992']","104 minutes","$50.8 million",104,1.4e+07,"1992-10-02","$14 million"
"181",180,"Aladdin","","['November 25, 1992']","90 minutes","$504.1 million",90,2.8e+07,"1992-11-25","$28 million"
"182",181,"The Muppet Christmas Carol","","['December 11, 1992']","86 minutes","$27.2 million",86,1.2e+07,"1992-12-11","$12 million"
"183",182,"Homeward Bound: The Incredible Journey","Walt Disney Pictures","February 3, 1993","84 minutes","$57 million",84,NA,"1993-02-03",""
"184",183,"A Far Off Place","","['March 12, 1993']","108 minutes","$12.9 million",108,NA,"1993-03-12",""
"185",184,"The Adventures of Huck Finn","Walt Disney Pictures","['April 2, 1993']","107 minutes","$24.1 million",107,6500000,"1993-04-02","$6.5 million"
"186",185,"Hocus Pocus","Walt Disney Pictures","['July 16, 1993']","96 minutes","$44.9 million",96,2.8e+07,"1993-07-16","$28 million"
"187",186,"Cool Runnings","Walt Disney Pictures","['October 1, 1993']","98 minutes","$154.9 million",98,1.7e+07,"1993-10-01","$17 million"
"188",187,"The Three Musketeers","","['November 12, 1993']","105 minutes","$53.9 million",105,3e+07,"1993-11-12","$30 million"
"189",188,"Iron Will","Walt Disney Pictures","['January 14, 1994']","108 minutes","$21 million",108,NA,"1994-01-14",""
"190",189,"Blank Check","Walt Disney Pictures","['February 11, 1994']","94 minutes","$39 million",94,1.3e+07,"1994-02-11","$13 million"
"191",190,"D2: The Mighty Ducks","","['April 17, 1994']","106 minutes","$45.6 million",106,NA,"1994-04-17",""
"192",191,"White Fang 2: Myth of the White Wolf","Walt Disney Pictures","['April 14, 1994']","102 minutes","$8,878,839 (US)",102,NA,"1994-04-14",""
"193",192,"The Lion King","","['June 15, 1994 (United States)']","88 minutes","$968.5 million",88,4.5e+07,"1994-06-15","$45 million"
"194",193,"Angels in the Outfield","","['July 15, 1994']","102 minutes","$50.2 million",102,3.1e+07,"1994-07-15","$31 million"
"195",194,"Squanto: A Warrior's Tale","Walt Disney Pictures","['October 28, 1994']","102 minutes","$3,337,685",102,NA,"1994-10-28",""
"196",195,"The Santa Clause","","['November 11, 1994']","97 minutes","$189.8 million",97,2.2e+07,"1994-11-11","$22 million"
"197",196,"Rudyard Kipling's The Jungle Book","","['December 25, 1994']","111 minutes","$43.2 million",111,3e+07,"1994-12-25","$30 million"
"198",197,"Heavyweights","","['February 17, 1995']","100 minutes","$17.6 million",100,NA,"1995-02-17",""
"199",198,"Man of the House","","['March 3, 1995']","96 minutes","$40,070,995",96,2.2e+07,"1995-03-03","$22 million"
"200",199,"Tall Tale","","['March 24, 1995']","98 minutes","$11 million",98,3.2e+07,"1995-03-24","['$32 million', '(estimated)']"
"201",200,"A Goofy Movie","","['April 7, 1995']","78 minutes","$37.6 million",78,1.8e+07,"1995-04-07","$18 million"
"202",201,"Pocahontas","","['June 10, 1995', 'June 23, 1995']","81 minutes","$346.1 million",81,5.5e+07,"1995-06-10","$55 million"
"203",202,"Operation Dumbo Drop","","['July 28, 1995']","108 minutes","$24,670,346",108,2.4e+07,"1995-07-28","$24 million"
"204",203,"A Kid in King Arthur's Court","","['August 11, 1995']","89 minutes","$13.4 million (domestic)",89,1.5e+07,"1995-08-11","$15 million"
"205",204,"The Big Green","","['September 28, 1995']","99 minutes","$17.7 million",99,1.2e+07,"1995-09-28","$12 million"
"206",205,"Frank and Ollie","","['January 22, 1995 ( Sundance Film Festival )', 'October 20, 1995 (U.S.)']","89 minutes","",89,NA,"1995-01-22",""
"207",206,"Toy Story","","['November 19, 1995 ( El Capitan Theatre )', 'November 22, 1995 (United States)']","81 minutes","$373 million",81,3e+07,"1995-11-19","$30 million"
"208",207,"Tom and Huck","Walt Disney Pictures","['December 22, 1995']","92 minutes","$23.9 million",92,NA,"1995-12-22",""
"209",208,"Muppet Treasure Island","","['February 16, 1996']","100 minutes","$34.3 million (North America)",100,3.1e+07,"1996-02-16","$31 million"
"210",209,"Homeward Bound II: Lost in San Francisco","Walt Disney Pictures","['March 8, 1996']","89 minutes","$32.7 million",89,NA,"1996-03-08",""
"211",210,"James and the Giant Peach","","['April 12, 1996 (United States)', 'August 2, 1996 (United Kingdom)']","79 minutes","$37.7 million",79,3.8e+07,"1996-04-12","$38 million"
"212",211,"The Hunchback of Notre Dame","","['June 21, 1996']","91 minutes","$325.3 million",91,7e+07,"1996-06-21","$70 million"
"213",212,"First Kid","","['August 30, 1996']","101 minutes","$26,465,920 (USA)",101,1.5e+07,"1996-08-30","$15 million"
"214",213,"D3: The Mighty Ducks","","['October 4, 1996']","104 minutes","$22.9 million",104,NA,"1996-10-04",""
"215",214,"101 Dalmatians","","['November 27, 1996 (United States)']","103 minutes","$320.7 million",103,6.7e+07,"1996-11-27","$67 million"
"216",215,"That Darn Cat","","['February 14, 1997']","86 minutes","$18.3 million",86,NA,"1997-02-14",""
"217",216,"Jungle 2 Jungle","","['March 7, 1997 (US)', 'August 5, 1997 (France)']","105 minutes","$59.9 million",105,3.2e+07,"1997-03-07","$32 million"
"218",217,"Hercules","","['June 13, 1997 (limited release)', 'June 27, 1997 (wide release)']","93 minutes","$252.7 million",93,8.5e+07,"1997-06-13","$85 million"
"219",218,"George of the Jungle","","['July 16, 1997']","92 minutes","$174.4 million",92,5.5e+07,"1997-07-16","$55 million"
"220",219,"Air Bud","","['August 1, 1997']","98 minutes","$27.8 million",98,3e+06,"1997-08-01","$3 million"
"221",220,"RocketMan","","['October 10, 1997']","95 minutes","$15.4 million",95,1.6e+07,"1997-10-10","$16 million"
"222",221,"Flubber","","['November 16, 1997 ( Pennsylvania )', 'November 26, 1997 (United States)']","93 minutes","$178 million",93,8e+07,"1997-11-16","$80 million"
"223",222,"Mr. Magoo","","['December 25, 1997']","87 minutes","$28.9 million",87,3e+07,"1997-12-25","$30 million"
"224",223,"Meet the Deedles","","['March 27, 1998 (United States)']","93 minutes","$4.4 million",93,2.4e+07,"1998-03-27","$24 million"
"225",224,"Mulan","","['June 19, 1998']","87 minutes","$304.3 million",87,9e+07,"1998-06-19","$90 million"
"226",225,"The Parent Trap","Walt Disney Pictures","['July 29, 1998 (United States)']","128 minutes","$92.1 million",128,1.5e+07,"1998-07-29","$15 million"
"227",226,"I'll Be Home for Christmas","","['November 13, 1998']","86 minutes","$12.2 million",86,3e+07,"1998-11-13","$30 million"
"228",227,"A Bug's Life","","['November 20, 1998']","95 minutes","$363.3 million",95,1.2e+08,"1998-11-20","$120 million"
"229",228,"Mighty Joe Young","","['December 25, 1998']","114 minutes","$50.6 million (US)",114,9e+07,"1998-12-25","$90 million"
"230",229,"My Favorite Martian","Walt Disney Pictures","['February 12, 1999']","93 minutes","$36.8 million",93,6.5e+07,"1999-02-12","$65 million"
"231",230,"Doug's 1st Movie","","['March 26, 1999']","83 minutes","$19.4 million",83,5e+06,"1999-03-26","$5 million"
"232",231,"Endurance","Walt Disney Pictures","['May 14, 1999']","83 minutes","",83,NA,"1999-05-14",""
"233",232,"Tarzan","","['June 12, 1999 ( El Capitan Theatre )', 'June 16, 1999 (United States )']","88 minutes","$448.2 million",88,1.3e+08,"1999-06-12","$130 million"
"234",233,"Inspector Gadget","","['July 23, 1999']","78 minutes","$134.4 million",78,7.5e+07,"1999-07-23","$75–90 million"
"235",234,"The Straight Story","","['May 1999 ( Cannes )', 'October 15, 1999 (United States)']","112 minutes","$6.2 million",112,1e+07,"","$10 million"
"236",235,"Toy Story 2","","['November 13, 1999 ( El Capitan Theatre )', 'November 24, 1999 (United States)']","92 minutes","$497.4 million",92,9e+07,"1999-11-13","$90 million"
"237",236,"Fantasia 2000","","['December 17, 1999 (Premiere)', 'January 1, 2000 ( IMAX )', 'June 16, 2000 (United States)']","74 minutes","$90.9 million",74,8.5e+07,"1999-12-17","$80–$85 million"
"238",237,"The Tigger Movie","","['February 11, 2000 (United States)']","78 minutes","$96.2 million",78,1.5e+07,"2000-02-11","$15 million –$30 million"
"239",238,"Whispers: An Elephant's Tale","Walt Disney Pictures","['March 10, 2000']","72 minutes","$500,000 (USA) (30 November 2000)",72,4e+06,"2000-03-10","$4,000,000 (estimated)"
"240",239,"Dinosaur","","['May 19, 2000 (United States)']","82 minutes","$349.8 million",82,127500000,"2000-05-19","$127.5 million"
"241",240,"Disney's The Kid","","['July 7, 2000']","104 minutes","$110.3 million",104,6.5e+07,"2000-07-07","$65 million"
"242",241,"Remember the Titans","","['September 29, 2000']","113 minutes","$136.8 million",113,3e+07,"2000-09-29","$30 million"
"243",242,"102 Dalmatians","","['November 22, 2000 (United States)']","100 minutes","$183.6 million",100,8.5e+07,"2000-11-22","$85 million"
"244",243,"The Emperor's New Groove","","['December 15, 2000']","78 minutes","$169.6 million",78,1e+08,"2000-12-15","$100 million"
"245",244,"Recess: School's Out","","['February 10, 2001 (premiere)', 'February 16, 2001 (United States)']","83 minutes","$44.5 million",83,2.3e+07,"2001-02-10","$23 million"
"246",245,"Atlantis: The Lost Empire","","['June 3, 2001 (premiere)', 'June 15, 2001 (United States)']","96 minutes","$186.1 million",96,9e+07,"2001-06-03","$90–120 million"
"247",246,"The Princess Diaries","","['July 29, 2001 ( El Capitan Theatre )', 'August 3, 2001 (United States)']","115 minutes","$165.3 million",115,2.6e+07,"2001-07-29","$26 million"
"248",247,"Max Keeble's Big Move","","['October 5, 2001']","86 minutes","$18.6 million",86,2.5e+07,"2001-10-05","$25 million"
"249",248,"Monsters, Inc.","","['October 28, 2001 ( El Capitan Theatre )', 'November 2, 2001 (United States)']","92 minutes","$577.4 million",92,1.15e+08,"2001-10-28","$115 million"
"250",249,"Snow Dogs","","['January 18, 2002']","99 minutes","$115 million",99,3.3e+07,"2002-01-18","$33 million"
"251",250,"Return to Never Land","","['February 10, 2002 ( New York City )', 'February 15, 2002 (United States)']","73 minutes","$115.1 million",73,2e+07,"2002-02-10","$20 million"
"252",251,"The Rookie","","['March 29, 2002']","128 minutes","$80.7 million",128,2.2e+07,"2002-03-29","$22 million"
"253",252,"Lilo & Stitch","","['June 21, 2002']","85 minutes","$273.1 million",85,8e+07,"2002-06-21","$80 million"
"254",253,"The Country Bears","Walt Disney Pictures","['July 21, 2002', 'July 26, 2002']","88 minutes","$18 million",88,3.5e+07,"2002-07-21","$35 million"
"255",254,"Spirited Away","Studio Ghibli","['20 July 2001 (Japan)']","125 minutes","",125,1.5e+07,"2001-07-20","(US$15–19.2 million)"
"256",255,"Tuck Everlasting","","['October 11, 2002 (U.S.)']","96 minutes","$19.3 million",96,1.5e+07,"2002-10-11","$15 million"
"257",256,"The Santa Clause 2","","['November 1, 2002']","104 minutes","$172.9 million",104,6.5e+07,"2002-11-01","$65 million"
"258",257,"Treasure Planet","","['November 27, 2002']","95 minutes","$109.6 million",95,1.4e+08,"2002-11-27","$140 million"
"259",258,"The Jungle Book 2","","['February 14, 2003']","72 minutes","$135.7 million",72,2e+07,"2003-02-14","$20 million"
"260",259,"Piglet's Big Movie","","['March 16, 2003 (premiere)', 'March 21, 2003 (United States)', 'July 2, 2003 ( Manila , Philippines )']","75 minutes","$62.9 million",75,4.6e+07,"2003-03-16","$46 million"
"261",260,"Ghosts of the Abyss","","['March 31, 2003 (premiere)', 'April 11, 2003 (limited)']","61 minutes","$28.7 million",61,1.3e+07,"2003-03-31","$13 million"
"262",261,"Holes","","['April 18, 2003 (United States)']","117 minutes","$71.4 million",117,2e+07,"2003-04-18","$20 million"
"263",262,"The Lizzie McGuire Movie","","['May 2, 2003 (United States)', 'August 29, 2003 (United Kingdom)']","94 minutes","$55.5 million",94,1.7e+07,"2003-05-02","$17 million"
"264",263,"Finding Nemo","","['May 30, 2003']","100 minutes","$940.3 million",100,9.4e+07,"2003-05-30","$94 million"
"265",264,"Pirates of the Caribbean: The Curse of the Black Pearl","","['June 28, 2003 ( Disneyland Resort )', 'July 9, 2003 (United States)']","143 minutes","$654.3 million",143,1.4e+08,"2003-06-28","$140 million"
"266",265,"Freaky Friday","","['August 4, 2003 ( Los Angeles )', 'August 6, 2003 (United States)']","97 minutes","$160.8 million",97,2.6e+07,"2003-08-04","$26 million"
"267",266,"Brother Bear","","['November 1, 2003']","85 minutes","$250.4 million",85,4.6e+07,"2003-11-01","$46 million"
"268",267,"The Haunted Mansion","Walt Disney Pictures","['November 26, 2003']","86 minutes","$182.3 million",86,9e+07,"2003-11-26","$90 million"
"269",268,"The Young Black Stallion","","['December 25, 2003']","50 minutes","$9,638,389",50,NA,"2003-12-25",""
"270",269,"Teacher's Pet","","['January 16, 2004']","74 minutes","$6.5 million",74,1e+07,"2004-01-16","$10 million"
"271",270,"Miracle","","['February 20, 2004']","136 minutes","$64.5 million",136,2.8e+07,"2004-02-20","$28 million"
"272",271,"Confessions of a Teenage Drama Queen","Walt Disney Pictures","['February 17, 2004 (United States)']","89 minutes","$33.1 million",89,1.5e+07,"2004-02-17","$15 million"
"273",272,"Home on the Range","","['April 2, 2004']","76 minutes","$145.5 million",76,1.1e+08,"2004-04-02","$110 million"
"274",273,"Sacred Planet","Walt Disney Pictures","['April 22, 2004']","40 minutes","$1,108,356",40,NA,"2004-04-22",""
"275",274,"Around the World in 80 Days","","['June 16, 2004']","120 minutes","$72.2 million",120,1.1e+08,"2004-06-16","$110 million"
"276",275,"America's Heart and Soul","","['July 2, 2004']","84 minutes","$314,402",84,NA,"2004-07-02",""
"277",276,"The Princess Diaries 2: Royal Engagement","","['August 11, 2004']","113 minutes","$134.7 million",113,4.5e+07,"2004-08-11","$45 million"
"278",277,"The Incredibles","","['October 24, 2004 ( El Capitan Theatre )', 'October 27, 2004 ( BFI London Film Festival )', 'November 5, 2004 (United States)']","115 minutes","$633 million",115,9.2e+07,"2004-10-24","$92 million"
"279",278,"National Treasure","","['November 19, 2004']","131 minutes","$347.5 million",131,1e+08,"2004-11-19","$100 million"
"280",279,"Aliens of the Deep","","['January 28, 2005']","100 minutes","$9 million",100,NA,"2005-01-28",""
"281",280,"Pooh's Heffalump Movie","","['February 11, 2005']","68 minutes","$52.9 million",68,2e+07,"2005-02-11","$20 million"
"282",281,"The Pacifier","","['March 4, 2005']","95 minutes","$198.6 million",95,5.6e+07,"2005-03-04","$56 million"
"283",282,"Ice Princess","","['March 18, 2005']","97 minutes","$27.6 million",97,2.5e+07,"2005-03-18","$25 million"
"284",283,"Herbie: Fully Loaded","","['June 22, 2005']","101 minutes","$144.1 million",101,5e+07,"2005-06-22","$50 million"
"285",284,"Howl's Moving Castle","Studio Ghibli","['5 September 2004 ( Venice )', '20 November 2004 (Japan)']","119 minutes","['¥', '23.2 billion', 'US$236 million (worldwide)']",119,NA,"2004-09-05","['¥', '2.4 billion', 'US$24 million']"
"286",285,"Sky High","","['July 29, 2005']","100 minutes","$86.4 million",100,3.5e+07,"2005-07-29","$35 million"
"287",286,"Valiant","","['March 25, 2005 (UK)', 'August 19, 2005 (US)']","76 minutes","$61.7 million",76,3.5e+07,"2005-03-25","$35 million"
"288",287,"The Greatest Game Ever Played","Walt Disney Pictures","['September 30, 2005']","120 minutes","$15.4 million",120,2.5e+07,"2005-09-30","$25 million"
"289",288,"Chicken Little","","['October 30, 2005 ( El Capitan Theatre )', 'November 4, 2005 (United States)']","81 minutes","$314.4 million",81,1.5e+08,"2005-10-30","$150 million"
"290",289,"The Chronicles of Narnia: The Lion, the Witch and the Wardrobe","","['December 7, 2005 ( Royal Film Performance )', 'December 8, 2005 (United Kingdom)', 'December 9, 2005 (United States)']","143 minutes","$745 million",143,1.8e+08,"2005-12-07","$180 million"
"291",290,"Glory Road","","January 13, 2006","118 minutes","$42.9 million",118,3e+07,"2006-01-13","$30 million"
"292",291,"Roving Mars","","['January 27, 2006']","40 minutes","$11 million",40,1e+06,"2006-01-27","$1 million"
"293",292,"Eight Below","","['February 17, 2006 (United States)']","120 minutes","$120.5 million",120,4e+07,"2006-02-17","$40 million"
"294",293,"The Shaggy Dog","","['March 10, 2006']","99 minutes","$87.1 million",99,5e+07,"2006-03-10","$50 million"
"295",294,"The Wild","","['April 14, 2006']","82 minutes","$102.3 million",82,8e+07,"2006-04-14","$80 million"
"296",295,"Cars","","[""May 26, 2006 ( Lowe's Motor Speedway )"", 'June 9, 2006 (United States)']","117 minutes","$462 million",117,1.2e+08,"2006-05-26","$120 million"
"297",296,"Pirates of the Caribbean: Dead Man's Chest","","['June 24, 2006 ( Disneyland Resort )', 'July 7, 2006 (United States)']","150 minutes","$1.066 billion",150,2.25e+08,"2006-06-24","$225 million"
"298",297,"Invincible","","['August 25, 2006']","104 minutes","$58.5 million",104,3e+07,"2006-08-25","$30 million"
"299",298,"The Nightmare Before Christmas","","['October 29, 1993']","76 minutes","$91.5 million",76,2.4e+07,"1993-10-29","$24 million"
"300",299,"The Santa Clause 3: The Escape Clause","","['November 3, 2006']","92 minutes","$110.8 million",92,1.2e+07,"2006-11-03","$12 million"
"301",300,"Bridge to Terabithia","","['February 16, 2007']","95 minutes","$137.6 million",95,2e+07,"2007-02-16","$20–25 million"
"302",301,"Meet the Robinsons","","['March 23, 2007 (US)', 'March 30, 2007 (UK)']","94 minutes","$169.3 million",94,1.5e+08,"2007-03-23","$150 million"
"303",302,"Pirates of the Caribbean: At World's End","","['May 19, 2007 ( Disneyland Resort )', 'May 25, 2007 (United States)']","167 minutes","$960.9 million",167,3e+08,"2007-05-19","$300 million"
"304",303,"Ratatouille","","['June 22, 2007 ( Kodak Theatre )', 'June 29, 2007 (United States)']","111 minutes","$623.7 million",111,1.5e+08,"2007-06-22","$150 million"
"305",304,"The Secret of the Magic Gourd","","['June 29, 2007']","85 minutes","",85,NA,"2007-06-29",""
"306",305,"Underdog","","['August 3, 2007']","82 minutes","$65.3 million",82,2.5e+07,"2007-08-03","$25 million"
"307",306,"The Pixar Story","","['August 28, 2007']","87 minutes","",87,NA,"2007-08-28",""
"308",307,"The Game Plan","","['September 23, 2007 ( Hollywood )', 'September 28, 2007 (United States)']","110 minutes","$146.6 million",110,2.2e+07,"2007-09-23","$22 million"
"309",308,"Enchanted","","['October 20, 2007 ( London )', 'November 21, 2007 (United States)']","107 minutes","$340.5 million",107,8.5e+07,"2007-10-20","$85 million"
"310",309,"National Treasure: Book of Secrets","","['December 21, 2007']","124 minutes","$459.2 million",124,1.3e+08,"2007-12-21","$130 million"
"311",310,"Hannah Montana and Miley Cyrus: Best of Both Worlds Concert","Walt Disney Pictures","February 1, 2008","74 minutes","$70.6 million",74,7e+06,"2008-02-01","$7 million"
"312",311,"College Road Trip","","['March 7, 2008']","83 minutes","$51.5 million",83,2.5e+07,"2008-03-07","$25 million"
"313",312,"The Chronicles of Narnia: Prince Caspian","","['May 7, 2008 ( New York City )', 'May 16, 2008 (United States)', 'June 26, 2008 (United Kingdom)']","150 minutes","$419.7 million",150,2.25e+08,"2008-05-07","$225 million"
"314",313,"WALL-E","","['June 23, 2008 ( Los Angeles )', 'June 27, 2008 (United States)']","97 minutes","$521.3 million",97,1.8e+08,"2008-06-23","$180 million"
"315",314,"Beverly Hills Chihuahua","","['October 3, 2008 (United States)']","91 minutes","$149.3 million",91,2e+07,"2008-10-03","$20 million"
"316",315,"Morning Light","Walt Disney Pictures","October 17, 2008","100 minutes","$275,776",100,NA,"2008-10-17",""
"317",316,"High School Musical 3: Senior Year","","['October 17, 2008 (London)', 'October 24, 2008 (United States)']","112 minutes","$252.9 million",112,1.1e+07,"2008-10-17","$11 million"
"318",317,"Roadside Romeo","","['23 October 2008 (Kuwait)', '24 October 2008 (India and United States)']","93 minutes","$2 million",93,NA,"2008-10-23",""
"319",318,"Bolt","","['November 21, 2008']","96 minutes","$310 million",96,1.5e+08,"2008-11-21","$150 million"
"320",319,"Bedtime Stories","","['December 25, 2008']","99 minutes","$212.9 million",99,8e+07,"2008-12-25","$80 million"
"321",320,"Jonas Brothers: The 3D Concert Experience","","['February 27, 2009']","['76 minutes', '85 minutes']","$23.1 million",76,NA,"2009-02-27",""
"322",321,"Race to Witch Mountain","","['March 11, 2009 (Egypt)', 'March 13, 2009 (United States)']","98 minutes","$106.4 million",98,5e+07,"2009-03-11","$50 million"
"323",322,"Hannah Montana: The Movie","","['April 10, 2009']","97 minutes","$170 million",97,3e+07,"2009-04-10","$30 million"
"324",323,"Earth","","['10 October 2007 (France)', '16 November 2007 (United Kingdom)', '12 January 2008 (Germany)', '22 April 2009 (United States)']","['99 minutes (UK)', '90 minutes (U.S.)']","$109 million",99,4.7e+07,"2007-10-10","$47 million"
"325",324,"Up","","['May 29, 2009']","96 minutes","$735.1 million",96,1.75e+08,"2009-05-29","$175 million"
"326",325,"Hexe Lilli: Der Drache und das magische Buch","Walt Disney Pictures","","","",NA,NA,"",""
"327",326,"G-Force","","['July 24, 2009']","90 minutes","$292.8 million",90,1.5e+08,"2009-07-24","$150 million"
"328",327,"Ponyo","Studio Ghibli","['July 19, 2008']","101 minutes","US$ 203.2 million",101,NA,"2008-07-19","['¥', '3.4 billion', '(', 'US$', '34 million)']"
"329",328,"Walt & El Grupo","","['2008']","107 minutes","",107,NA,"",""
"330",329,"Книга Мастеров","","['October 29, 2009']","101 minutes","$11.3 million",101,8e+06,"2009-10-29","$8 million ( ₽ 350 million)"
"331",330,"A Christmas Carol","","['November 3, 2009 ( London )', 'November 6, 2009 (United States)']","96 minutes","$325 million",96,1.75e+08,"2009-11-03","$175-200 million"
"332",331,"Old Dogs","","['November 25, 2009']","88 minutes","$96.8 million",88,3.5e+07,"2009-11-25","$35 million"
"333",332,"The Princess and the Frog","","['November 25, 2009 (Los Angeles premiere)', 'December 11, 2009 (United States)']","97 minutes","$271 million",97,1.05e+08,"2009-11-25","$105 million"
"334",333,"Alice in Wonderland","","['February 25, 2010 ( Odeon Leicester Square )', 'March 5, 2010 (United States)']","108 minutes","$1.025 billion",108,2e+08,"2010-02-25","$150 –$200 million"
"335",334,"Oceans","","['October 17, 2009 ( Tokyo International Film Festival )', 'January 24, 2010 (France)']","['104 minutes (Original cut)', '84 minutes (Disney cut)']","$82.7 million",104,8e+07,"2009-10-17","$80 million"
"336",335,"Prince of Persia: The Sands of Time","","['May 9, 2010 (London premiere)', 'May 28, 2010 (United States)']","116 minutes","$336.4 million",116,1.5e+08,"2010-05-09","$150–200 million"
"337",336,"Toy Story 3","","['June 12, 2010 ( Taormina Film Fest )', 'June 18, 2010 (United States)']","103 minutes","$1.067 billion",103,2e+08,"2010-06-12","$200 million"
"338",337,"The Sorcerer's Apprentice","","['July 8, 2010 (Fantasia Film Festival)', 'July 14, 2010']","109 minutes","$215.3 million",109,1.5e+08,"2010-07-08","$150 million"
"339",338,"Tales from Earthsea","Studio Ghibli","['July 29, 2006']","115 minutes","",115,2.2e+07,"2006-07-29","$22 million"
"340",339,"The Crimson Wing: Mystery of the Flamingos","","['26 October 2008 ( France )', '29 September 2009 ( United Kingdom )']","74 minutes","",74,NA,"2008-10-26",""
"341",340,"Secretariat","","['September 30, 2010 ( Hollywood )', 'October 8, 2010 (United States)']","123 minutes","$60.3 million",123,3.5e+07,"2010-09-30","$35 million"
"342",341,"Do Dooni Chaar","","['8 October 2010']","108 minutes","",108,NA,"2010-10-08",""
"343",342,"Tangled","","['November 14, 2010 ( El Capitan Theatre )', 'November 24, 2010 (United States)']","100 minutes","$592.4 million",100,2.6e+08,"2010-11-14","$260 million"
"344",343,"The Boys: The Sherman Brothers' Story","","['April 24, 2009 (San Francisco International Film Festival)', 'May 22, 2009 (United States)']","101 minutes","$55,513",101,NA,"2009-04-24",""
"345",344,"Tron: Legacy","","['November 30, 2010 (Tokyo)', 'December 17, 2010 (United States)']","125 minutes","$400.1 million",125,1.7e+08,"2010-11-30","$170 million"
"346",345,"Anaganaga O Dheerudu","","['14 January 2011 (India)']","","(US$7.0 million)",NA,3800000,"2011-01-14","(US$3.8 million)"
"347",346,"Lilly the Witch: The Journey to Mandolan","Walt Disney Pictures","['17 February 2011']","90 minutes","",90,NA,"2011-02-17",""
"348",347,"Mars Needs Moms","","['March 11, 2011']","88 minutes","$39.2 million",88,1.5e+08,"2011-03-11","$150 million"
"349",348,"Zokkomon","","['22 April 2011']","109 minutes","",109,NA,"2011-04-22",""
"350",349,"African Cats","","['April 22, 2011 (United States)', 'February 1, 2012 (France)', 'April 27, 2012 (United Kingdom)']","89 minutes","$30.9 million",89,5e+06,"2011-04-22","$5 million"
"351",350,"Prom","Walt Disney Pictures","['April 29, 2011']","104 minutes","$10.7 million",104,8e+06,"2011-04-29","$8 million"
"352",351,"Pirates of the Caribbean: On Stranger Tides","","['May 7, 2011 ( Disneyland Resort )', 'May 20, 2011 (United States)']","137 minutes","$1.046 billion",137,410600000,"2011-05-07","['$410.6 million (gross)', '$378.5 million (net)']"
"353",352,"Cars 2","","['June 18, 2011 (Hollywood)', 'June 24, 2011 (United States)']","106 minutes","$562.1 million",106,2e+08,"2011-06-18","$200 million"
"354",353,"Winnie the Pooh","","['April 6, 2011 (Belgium)', 'July 15, 2011 (United States)']","63 minutes","$50.1 million",63,3e+07,"2011-04-06","$30 million"
"355",354,"The Muppets","","['November 4, 2011 (Savannah Film Festival)', 'November 23, 2011 (United States)']","103 minutes","$165.2 million",103,4.5e+07,"2011-11-04","$45 million"
"356",355,"Arrietty","Studio Ghibli","['17 July 2010']","95 minutes","$146 million",95,2.3e+07,"2010-07-17","$23 million"
"357",356,"John Carter","Walt Disney Pictures","['February 22, 2012 ( Los Angeles )', 'March 9, 2012 (United States)']","132 minutes","$284.1 million",132,306600000,"2012-02-22","['$306.6 million (gross)', '$263.7 million (net)']"
"358",357,"Chimpanzee","","['April 20, 2012 (United States)', 'February 20, 2013 (France)', 'May 3, 2013 (United Kingdom)']","77 minutes","$34.8 million",77,5e+06,"2012-04-20","$5 million"
"359",358,"Arjun: The Warrior Prince","","['25 May 2012']","96 minutes","",96,NA,"2012-05-25",""
"360",359,"Brave","","['June 10, 2012 ( SIFF )', 'June 22, 2012 (United States)']","93 minutes","$540.4 million",93,1.85e+08,"2012-06-10","$185 million"
"361",360,"The Odd Life of Timothy Green","","['August 15, 2012']","104 minutes","$56 million",104,2.5e+07,"2012-08-15","$25 million"
"362",361,"Frankenweenie","","['September 20, 2012 (Fantastic Fest)', 'October 5, 2012 (United States)']","87 minutes","$81.5 million",87,3.9e+07,"2012-09-20","$39 million"
"363",362,"Wreck-It Ralph","","['October 29, 2012 ( El Capitan Theatre )', 'November 2, 2012 (United States)']","101 minutes","$471.2 million",101,1.65e+08,"2012-10-29","$165 million"
"364",363,"Oz the Great and Powerful","","['February 14, 2013 ( El Capitan Theatre )', 'March 8, 2013 (United States)']","130 minutes","$493.3 million",130,2e+08,"2013-02-14","$200–215 million"
"365",364,"Wings of Life","","['16 March 2011 (France)', '16 April 2013 (United States)']","77 minutes","",77,NA,"2011-03-16",""
"366",365,"Monsters University","","['June 5, 2013 ( BFI Southbank )', 'June 21, 2013 (United States)']","104 minutes","$743.6 million",104,2e+08,"2013-06-05","$200 million"
"367",366,"The Lone Ranger","","['June 22, 2013 ( Hyperion Theatre )', 'July 3, 2013 (United States)']","150 minutes","$260.5 million",150,2.25e+08,"2013-06-22","$225–250 million"
"368",367,"Planes","","['August 2, 2013 ( EAA AirVenture Oshkosh )', 'August 9, 2013 (United States)']","92 minutes","$239.3 million",92,5e+07,"2013-08-02","$50 million"
"369",368,"Frozen","","['November 19, 2013 ( El Capitan Theatre )', 'November 22, 2013 (United States)']","102 minutes","$1.280 billion",102,1.5e+08,"2013-11-19","$150 million"
"370",369,"Saving Mr. Banks","","['October 20, 2013 ( BFI London Film Festival )', 'November 29, 2013 (United Kingdom)', 'December 13, 2013 (United States)', 'January 9, 2014 (Australia)']","125 minutes","$117.9 million",125,3.5e+07,"2013-10-20","$35 million"
"371",370,"Muppets Most Wanted","","['March 11, 2014 ( El Capitan Theatre )', 'March 21, 2014 (United States)']","107 minutes","$80.4 million",107,5.1e+07,"2014-03-11","$51 million"
"372",371,"Bears","","['April 18, 2014 (United States)']","77 minutes","$21.3 million",77,5e+06,"2014-04-18","$5 million"
"373",372,"Million Dollar Arm","","['May 6, 2014 ( El Capitan Theatre )', 'May 16, 2014 (United States)']","124 minutes","$40.2 million",124,2.5e+07,"2014-05-06","$25 million"
"374",373,"Maleficent","","['May 28, 2014 ( El Capitan Theatre )', 'May 30, 2014 (United States)']","97 minutes","$758.5 million",97,1.8e+08,"2014-05-28","$180–263 million"
"375",374,"Planes: Fire & Rescue","","['July 15, 2014 ( El Capitan Theatre )', 'July 18, 2014 (United States)']","84 minutes","$147 million",84,5e+07,"2014-07-15","$50 million"
"376",375,"Khoobsurat","","['19 September 2014']","127 minutes","est. (US$11 million)",127,3200000,"2014-09-19","(US$3.2 million)"
"377",376,"Alexander and the Terrible, Horrible, No Good, Very Bad Day","","['October 6, 2014 ( El Capitan Theatre )', 'October 10, 2014 (United States)']","81 minutes","$100.7 million",81,2.8e+07,"2014-10-06","$28 million"
"378",377,"Big Hero 6","","['October 23, 2014 ( Tokyo International Film Festival )', 'October 31, 2014 ( Abu Dhabi Film Festival )', 'November 7, 2014 (United States)']","102 minutes","$657.9 million",102,1.65e+08,"2014-10-23","$165 million"
"379",378,"Into the Woods","","['December 8, 2014 ( Ziegfeld Theatre )', 'December 25, 2014 (United States)']","124 minutes","$212.9 million",124,5e+07,"2014-12-08","$50 million"
"380",379,"McFarland, USA","","['February 9, 2015 ( Hollywood )', 'February 20, 2015 (United States)']","129 minutes","$45.7 million",129,1.7e+07,"2015-02-09","$17 million"
"381",380,"Cinderella","","['February 13, 2015 ( Berlin )', 'March 13, 2015 (United States)', 'March 27, 2015 (United Kingdom)']","106 minutes","$542.4 million",106,84210000,"2015-02-13","$84.21-95 million"
"382",381,"Monkey Kingdom","","['April 17, 2015 (United States)']","82 minutes","$17.1 million",82,5e+06,"2015-04-17","$5–10 million"
"383",382,"Tomorrowland","","['May 9, 2015 ( Disneyland )', 'May 22, 2015 (United States)']","130 minutes","$209 million",130,1.8e+08,"2015-05-09","$180–190 million"
"384",383,"Inside Out","","['May 18, 2015 ( Cannes )', 'June 19, 2015 (United States)']","95 minutes","$858.8 million",95,1.75e+08,"2015-05-18","$175 million"
"385",384,"ABCD 2","Walt Disney Pictures","['19 June 2015']","154 minutes","est.",154,NA,"2015-06-19",""
"386",385,"The Good Dinosaur","","['November 10, 2015 ( Paris )', 'November 25, 2015 (United States)']","97 minutes","$332.2 million",97,1.75e+08,"2015-11-10","$175–200 million"
"387",386,"The Finest Hours","","['January 25, 2016 ( TCL Chinese Theatre )', 'January 29, 2016 (United States)']","117 minutes","$52.1 million",117,7e+07,"2016-01-25","$70–80 million"
"388",387,"Zootopia","","['February 13, 2016 (Belgium)', 'March 4, 2016 (United States)']","108 minutes","$1.024 billion",108,1.5e+08,"2016-02-13","$150 million"
"389",388,"The Jungle Book","","['April 4, 2016 ( El Capitan Theatre )', 'April 15, 2016 (United States)']","106 minutes","$966.6 million",106,1.75e+08,"2016-04-04","$175–177 million"
"390",389,"Tini: The Movie","","['April 23, 2016 (Amsterdam)', 'May 6, 2016 (Spain)', 'May 12, 2016 (Italy)']","98 minutes","$17 million",98,NA,"2016-04-23",""
"391",390,"Alice Through the Looking Glass","","['May 10, 2016 ( London )', 'May 27, 2016 (United States)']","113 minutes","$299.5 million",113,1.7e+08,"2016-05-10","$170 million"
"392",391,"Finding Dory","","['June 8, 2016 ( El Capitan Theatre )', 'June 17, 2016 (United States)']","97 minutes","$1.029 billion",97,1.75e+08,"2016-06-08","$175–200 million"
"393",392,"The BFG","","['May 14, 2016 ( Cannes )', 'July 1, 2016 (United States)', 'July 22, 2016 (United Kingdom)']","118 minutes","$195.2 million",118,1.4e+08,"2016-05-14","$140 million"
"394",393,"Pete's Dragon","","['August 8, 2016 ( El Capitan Theatre )', 'August 12, 2016 (United States)']","103 minutes","$143.7 million",103,6.5e+07,"2016-08-08","$65 million"
"395",394,"Queen of Katwe","","['September 10, 2016 ( TIFF )', 'September 23, 2016 (United States)']","124 minutes","$10.4 million",124,1.5e+07,"2016-09-10","$15 million"
"396",395,"Moana","","['November 14, 2016 ( AFI Fest )', 'November 23, 2016 (United States)']","107 minutes","$645 million",107,1.5e+08,"2016-11-14","$150–175 million"
"397",396,"Dangal","","['21 December 2016 (United States)', '23 December 2016 (India)']","161 minutes","['est.', '(', ')']",161,NA,"2016-12-21","70 crore"
"398",397,"March of the Penguins","","['26 January 2005']","80 minutes","$127.4 million",80,8e+06,"2005-01-26","$8 million"
"399",398,"Beauty and the Beast","","['February 23, 2017 ( Spencer House )', 'March 17, 2017 (United States)']","129 minutes","$1.264 billion",129,1.6e+08,"2017-02-23","$160–255 million"
"400",399,"Born in China","","['August 12, 2016 (China)', 'April 21, 2017 (United States)', 'August 23, 2017 (France)']","76 minutes","$25.1 million",76,5e+06,"2016-08-12","$5–10 million"
"401",400,"Pirates of the Caribbean: Dead Men Tell No Tales","","['May 11, 2017 ( Shanghai Disney Resort )', 'May 26, 2017 (United States)']","129 minutes","$794.9 million",129,2.3e+08,"2017-05-11","$230–320 million"
"402",401,"Cars 3","","['May 23, 2017 ( Kannapolis )', 'June 16, 2017 (United States)']","102 minutes","$383.9 million",102,1.75e+08,"2017-05-23","$175 million"
"403",402,"Ghost of the Mountains","","['June 30, 2017 (United States)']","","",NA,NA,"2017-06-30",""
"404",403,"Jagga Jasoos","","['14 July 2017']","162 minutes","83 crore",162,NA,"2017-07-14","['131\xa0crore']"
"405",404,"The Last Knight","","['October 29, 2017 ( Russia )']","114 minutes","['$30.5 million', '₽', '1.731 billion']",114,8e+06,"2017-10-29","['~$8 million', '₽', '370 million']"
"406",405,"Coco","","['October 20, 2017 ( Morelia )', 'November 22, 2017 (United States)']","105 minutes","$807.8 million",105,1.75e+08,"2017-10-20","$175–225 million"
"407",406,"A Wrinkle in Time","","['February 26, 2018 ( El Capitan Theatre )', 'March 9, 2018 (United States)']","109 minutes","$133.4 million",109,1e+08,"2018-02-26","$100–130 million"
"408",407,"Incredibles 2","","['June 5, 2018 ( Los Angeles )', 'June 15, 2018 (United States)']","118 minutes","$1.245 billion",118,2e+08,"2018-06-05","$200 million"
"409",408,"Christopher Robin","","['July 30, 2018 ( Burbank )', 'August 3, 2018 (United States)']","104 minutes","$197.7 million",104,6.5e+07,"2018-07-30","$65-70 million"
"410",409,"The Nutcracker and the Four Realms","","['October 29, 2018 ( Dolby Theatre )', 'November 2, 2018 (United States)']","99 minutes","$174 million",99,1.2e+08,"2018-10-29","$120–133 million"
"411",410,"Ralph Breaks the Internet","","['November 5, 2018 ( El Capitan Theatre )', 'November 21, 2018 (United States)']","112 minutes","$529.3 million",112,1.75e+08,"2018-11-05","$175 million"
"412",411,"Mary Poppins Returns","","['November 29, 2018 ( Dolby Theatre )', 'December 19, 2018 (United States)']","131 minutes","$349.5 million",131,1.3e+08,"2018-11-29","$130 million"
"413",412,"Dumbo","","['March 11, 2019 ( Los Angeles )', 'March 29, 2019 (United States)']","112 minutes","$353.3 million",112,1.7e+08,"2019-03-11","$170 million"
"414",413,"Penguins","","['April 17, 2019 (United States)']","76 minutes","$7.7
 million",76,NA,"2019-04-17",""
"415",414,"Aladdin","","['May 8, 2019 ( Grand Rex )', 'May 24, 2019 (United States)']","128 minutes","",128,1.83e+08,"2019-05-08","$183 million"
"416",415,"Toy Story 4","","['June 11, 2019 ( El Capitan Theatre )', 'June 21, 2019 (United States)']","100 minutes","$1.073 billion",100,2e+08,"2019-06-11","$200 million"
"417",416,"The Lion King","","['July 9, 2019 ( Hollywood )', 'July 19, 2019 (United States)']","118 minutes","$1.657 billion",118,2.5e+08,"2019-07-09","$250–260 million"
"418",417,"Maleficent: Mistress of Evil","","['October 18, 2019']","119 minutes","$491.7 million",119,1.85e+08,"2019-10-18","$185 million"
"419",418,"Lady and the Tramp","","['November 12, 2019 (United States)']","104 minutes","",104,6e+07,"2019-11-12","$60 million"
"420",419,"Noelle","Walt Disney Pictures","['November 12, 2019 (United States)']","100 minutes","",100,NA,"2019-11-12",""
"421",420,"Frozen II","","['November 7, 2019 ( Dolby Theatre )', 'November 22, 2019 (United States)']","103 minutes","$1.450 billion",103,1.5e+08,"2019-11-07","$150 million"
"422",421,"Togo","Walt Disney Pictures","['December 20, 2019 (United States)']","114 minutes","",114,4e+07,"2019-12-20","$40 million"
"423",422,"Timmy Failure: Mistakes Were Made","","['January 25, 2020 ( Sundance )', 'February 7, 2020 ( Disney+ )']","99 minutes","",99,4.2e+07,"2020-01-25","$42 million"
"424",423,"Onward","","['February 21, 2020 ( Berlinale )', 'March 6, 2020 (United States)']","102 minutes","$141.9 million",102,1.75e+08,"2020-02-21","$175–200 million"
"425",424,"Stargirl","","['March 13, 2020 (United States)']","107 minutes","",107,NA,"2020-03-13",""
"426",425,"Dolphin Reef","Disneynature","['March 28, 2018 (France)', 'April 3, 2020 ( Disney+ )']","78 minutes","",78,NA,"2018-03-28",""
"427",426,"Elephant","Disneynature","['April 3, 2020']","89 minutes","",89,NA,"2020-04-03",""
"428",427,"Artemis Fowl","","['June 12, 2020']","95 minutes","",95,1.25e+08,"2020-06-12","$125 million"
"429",428,"Hamilton","","['July 3, 2020']","160 minutes","",160,12500000,"2020-07-03","$12.5 million (stage production)"
"430",429,"Black Is King","","['July 31, 2020']","85 minutes","",85,NA,"2020-07-31",""
"431",430,"Magic Camp","","['August 14, 2020']","100 minutes","",100,2.4e+07,"2020-08-14","$24 million"
"432",431,"The One and Only Ivan","","['August 21, 2020 (United States)']","95 minutes","",95,NA,"2020-08-21",""
"433",432,"Mulan","","['March 9, 2020 ( Hollywood )', 'September 4, 2020 (United States)']","115 minutes","$70 million",115,2e+08,"2020-03-09","$200 million"
"434",433,"Godmothered","","['December 4, 2020']","113 minutes","",113,NA,"2020-12-04",""
"435",434,"Safety","","['December 11, 2020 (United States)']","119 minutes","",119,NA,"2020-12-11",""
"436",435,"Soul","","['October 11, 2020 ( BFI Fest )', 'December 25, 2020 (United States)']","100 minutes","$119.3 million",100,1.5e+08,"2020-10-11","$150 million+"
"437",436,"The Last Warrior: Root of Evil","","['January 1, 2021 ( Russia )']","121 minutes","['₽ 2.046 billion', '$28.3 million (Worldwide)', '$28.6 million (Russia/ CIS )']",121,NA,"2021-01-01","₽ 650 million"
"438",437,"Flora & Ulysses","","['February 19, 2021']","95 minutes","",95,NA,"2021-02-19",""
"439",438,"Raya and the Last Dragon","","['March 5, 2021 (United States)']","107 minutes","$122.7 million",107,1e+08,"2021-03-05","$100 million+"
"440",439,"Cruella","","['May 18, 2021 ( El Capitan Theatre )', 'May 28, 2021 (United States)']","134 minutes","$223.6 million",134,1e+08,"2021-05-18","$100–200 million"
"441",440,"Luca","","['June 13, 2021 ( Aquarium of Genoa )', 'June 18, 2021 (United States)']","95 minutes","$38 million",95,NA,"2021-06-13",""
"442",441,"Jungle Cruise","","['July 24, 2021 ( Disneyland Resort )', 'July 30, 2021 (United States)']","127 minutes","$194.9 million",127,2e+08,"2021-07-24","$200 million"
"443",442,"Encanto","","['November 24, 2021']","","",NA,NA,"2021-11-24",""
"444",443,"Turning Red","","['March 11, 2022 (United States)']","","",NA,NA,"2022-03-11",""
"445",444,"The Little Mermaid","","May 26, 2023","","",NA,NA,"2023-05-26",""
"446",445,"Disenchanted","","['2022']","","",NA,NA,"",""
"447",446,"Peter Pan & Wendy","","['2022']","","",NA,NA,"",""
"448",447,"Chip 'n Dale: Rescue Rangers","","","","",NA,NA,"",""
"449",448,"Hocus Pocus","Walt Disney Pictures","['July 16, 1993']","96 minutes","$44.9 million",96,2.8e+07,"1993-07-16","$28 million"
"450",449,"Shrunk","","","","",NA,NA,"",""
"451",450,"Pinocchio","","","","",NA,NA,"",""
"452",451,"Hollywood Stargirl","","","","",NA,NA,"",""
