"","X1st","X2nd","X3rd","X4th","X5th","Gender"
"1",8.11,7.68,7.11,7.43,8.18,"Female"
"2",6.48,5.9,4.15,4.29,4.96,"Male"
"3",8.41,8.24,7.52,8.25,7.75,"Female"
"4",7.33,6.83,6.33,6.79,6.89,"Male"
"5",7.89,7.34,7.22,7.32,7.46,"Female"
"6",7.33,6.72,6.48,6.5,7.39,"Male"
"7",7.15,6.72,6.89,6.86,7.64,"Female"
"8",6.74,6.38,4.93,5.64,6.75,"Female"
"9",7.89,7.45,6.96,7.71,8,"Female"
"10",7.3,6.34,6.3,6.61,6.18,"Male"
"11",8,7.9,7.52,7.64,8.11,"Female"
"12",6.78,4.28,5.81,6.04,6.39,"Female"
"13",5.67,5.62,5.48,5.93,6.75,"Male"
"14",6.33,6.41,6.41,6.93,7,"Female"
"15",6.44,6.21,6.19,6.68,6.86,"Female"
"16",6.3,6.17,5.59,5.89,6.36,"Female"
"17",6.96,6.14,6.93,7.18,7.29,"Male"
"18",6.7,6.45,5.78,6,6.61,"Male"
"19",7.41,6.93,7.33,7.71,8.46,"Male"
"20",7.04,6.31,6.44,7.21,7.32,"Female"
"21",6.63,5.62,6.11,5.79,6.25,"Female"
"22",8.33,8.72,7.81,8.04,8.93,"Female"
"23",7.96,7.93,7.78,8.21,8.21,"Male"
"24",6.89,5.55,5.93,6.79,7.54,"Male"
"25",8.19,8.17,7.15,7.75,7.64,"Male"
"26",7.89,6.69,7.15,8.43,8.36,"Female"
"27",7.33,6.55,5.96,6.75,6.89,"Male"
"28",8.22,8.17,8.37,9.04,9,"Male"
"29",7.44,7.59,7.26,7.89,7.86,"Male"
"30",5.74,6.45,6.48,7.29,7.61,"Male"
"31",6.81,6.79,6.3,7.14,7.86,"Female"
"32",8.89,8.31,7.3,9.25,8.5,"Female"
"33",8.04,7.59,7.22,8.32,8.82,"Male"
"34",8.3,8.38,7.63,7.93,8.75,"Male"
"35",8.04,6.69,6.37,6.64,6.64,"Male"
"36",7.44,7.97,7.78,8.64,8.71,"Male"
"37",7.85,6.9,7.04,7.82,8.39,"Female"
"38",8.07,7.34,7.59,7.89,8.14,"Male"
"39",7.59,7.38,7.3,8.64,8.21,"Male"
"40",8.19,7.66,7.48,8.68,8.89,"Male"
"41",5.81,5.83,4.15,4.93,4.86,"Male"
"42",6.3,6.24,5.85,6.36,7,"Male"
"43",7.78,6.93,7.44,7.86,8.21,"Male"
"44",8.22,6.66,7.07,7.29,7.61,"Male"
"45",7.67,7.07,7.04,7.07,6.93,"Male"
"46",8.41,7.59,7.41,7.89,8.11,"Male"
"47",7.59,7.83,6.89,7.32,8.5,"Male"
"48",5.3,5.62,4.56,4.36,6.18,"Female"
"49",7.26,7.62,7.26,7.29,7.61,"Male"
"50",7.93,7.83,7.81,8.32,8.68,"Male"
"51",8.11,8.55,7.3,8.11,9.14,"Male"
"52",7.26,7.9,7.26,7.71,8.39,"Male"
"53",6.59,7.72,6.26,7.61,7.29,"Male"
"54",7.89,7.97,7.33,7.46,8.5,"Male"
"55",7.67,8,7.7,8.07,8.68,"Female"
"56",7.85,8.41,7.67,8.71,9.39,"Male"
"57",7.04,6.38,6.78,7.54,7.39,"Male"
"58",7.26,7.21,6.93,6.86,8.04,"Male"
"59",4.81,NA,5.89,6.07,4.54,"Male"
"60",8.19,8.48,8,8.46,8.89,"Male"
"61",6.52,6.76,6.52,7.21,7.57,"Male"
"62",7.15,7.24,6.7,7.86,8.29,"Female"
"63",6.52,NA,NA,NA,NA,"Female"
"64",3.85,3.9,4.96,NA,4,"Male"
"65",6.63,5.48,6.22,6.57,7,"Male"
"66",7.07,6.79,6.96,6.89,8.64,"Male"
"67",7.33,7.76,7.04,7.18,8.11,"Male"
"68",7.59,7.28,6.7,7.68,8.18,"Female"
"69",7,7.07,7.04,7.43,8.36,"Female"
"70",7.33,7.55,7.63,6.14,8.39,"Male"
"71",6.89,8.1,7.26,7.68,8.57,"Male"
"72",6.56,6.52,6.33,7,7.29,"Female"
"73",6.74,6.79,7.15,7.14,7.68,"Female"
"74",4.19,NA,NA,NA,NA,"Female"
"75",6.22,7,6,6.39,6.43,"Female"
"76",7.33,8.03,7.93,8.11,8.04,"Female"
"77",7.63,6.59,6.52,4.93,6.43,"Female"
"78",6.22,6.38,6.41,5.93,6.18,"Female"
"79",7.11,7.07,6.07,5.86,6.86,"Female"
"80",5.11,5.62,5.48,5.89,5.79,"Female"
"81",6.26,6.55,6.63,6.71,7.54,"Male"
"82",6.04,5.86,5.15,5.54,6.04,"Male"
"83",6.78,6.79,6.96,7.79,8.36,"Male"
"84",5.11,6.03,6.33,6.5,6.75,"Male"
"85",6.22,6.38,6.33,6.29,7.96,"Female"
"86",7,6.17,6.33,6.5,6.25,"Female"
"87",6.3,6.21,6.52,5.93,7.5,"Male"
"88",6.74,6.62,6.48,6.86,8.25,"Male"
"89",6.67,6.48,5.89,6.36,5.61,"Female"
"90",7.37,7.93,7.07,7.64,8.61,"Female"
"91",6.16,6.66,6.63,6.71,6.96,"Female"
"92",6.17,NA,6.96,NA,NA,"Male"
"93",6.19,6.21,5.7,5.46,6.93,"Male"
"94",6.22,6.28,6.11,6.11,6.54,"Female"
"95",5.85,5.66,4.59,5.86,6,"Male"
"96",7.37,7.24,6.48,7.18,7.82,"Female"
"97",8.63,8.38,8.17,8.73,8.73,"Female"
"98",6.96,6.69,6.59,6.36,6.79,"Male"
"99",5.78,5.79,5.22,5.36,6.61,"Male"
"100",5.93,5.86,4.7,5.5,6.21,"Female"
"101",6.59,5.48,4.22,4.75,4.96,"Female"
"102",6.85,7.41,7.41,7.86,8.14,"Female"
"103",6.37,6.59,6.07,5.82,5.86,"Female"
"104",7.19,6.9,6.52,8.36,7.89,"Female"
"105",6.37,6.9,4.33,6.96,6.75,"Male"
"106",7.67,8.21,6.19,8.29,8.54,"Male"
"107",6.48,6.55,5.22,5.61,6.18,"Male"
"108",8.7,7.83,7.56,8.11,8.07,"Male"
"109",6.81,7.07,5.7,6.29,8.07,"Male"
"110",6.37,5.59,6.33,7.07,7.81,"Female"
"111",6.11,6.55,5.56,6.86,7,"Male"
"112",7.89,8.72,8.19,8.54,9.11,"Male"
"113",7.89,7.97,6.81,8.54,8,"Male"
"114",7.37,5.86,7,7.82,8.21,"Female"
"115",7.48,7.69,7.11,7.93,8.21,"Female"
"116",9.15,8.86,8.34,9.04,9.19,"Male"
"117",7.19,7.45,6.63,7.04,7.79,"Male"
"118",6.85,7.41,6.33,6.39,NA,"Male"
"119",6.44,6.14,6.19,6.82,7.43,"Male"
"120",6.56,6.14,6.33,6.75,7.14,"Female"
"121",8,7.9,7.33,7.47,8.07,"Female"
"122",7.15,6.34,6.56,6.68,6.54,"Female"
"123",7.3,7.07,6.67,6,6.11,"Female"
"124",8.44,7.28,7.96,8,8.29,"Female"
"125",6,5.93,3.96,5.43,6.25,"Male"
"126",5.78,6.28,4.3,6.43,6.75,"Male"
"127",6.37,5.9,5.81,6.04,6.64,"Male"
"128",6.19,6.62,6.3,6.54,7.43,"Male"
"129",6.74,6.72,7.04,7.93,8.32,"Male"
"130",5.52,5.72,6.07,7.11,7.79,"Male"
"131",6.3,6.48,5.63,6.21,6.39,"Male"
"132",6.89,6.69,5.67,6.07,7.39,"Male"
"133",7,7.41,6.37,6.57,7.79,"Male"
"134",6.07,6.07,5.89,6.54,7.81,"Male"
"135",7.11,7.34,6.85,7.96,8.14,"Male"
"136",9.15,9.21,9.59,9.31,9.46,"Female"
"137",7.78,6.86,7.26,7.82,8.36,"Male"
"138",7.59,7.76,7,8.32,8.21,"Female"
"139",7.11,7.41,7,7.32,8.32,"Male"
"140",6.26,6,6.07,5.36,6.21,"Male"
"141",8.3,7.97,8.33,8.29,8.61,"Male"
"142",6.96,5.72,6.33,7.18,NA,"Male"
"143",6.96,6.24,6.85,7.21,7.71,"Male"
"144",8.22,8.76,7.74,8.46,8.38,"Female"
"145",7.15,6.79,6.75,6.78,6.62,"Male"
"146",7.07,7.66,7.22,7.86,7.31,"Female"
"147",7.52,7.82,7.67,8.21,8.38,"Male"
"148",6.33,6.76,5.7,5.18,5.31,"Male"
"149",7.33,6.62,6.26,6.33,6.81,"Male"
"150",7.89,7.97,7.59,8.25,9.35,"Male"
"151",6.44,6.43,6.52,7.04,6.62,"Male"
"152",6.96,6.41,6.33,5.57,5.35,"Male"
"153",7,6.34,6.07,6.14,7,"Female"
"154",6.26,5.55,6.15,5.04,5.08,"Male"
"155",7.22,6.76,7.48,7.93,7.77,"Male"
"156",6.41,6.48,6.41,6.68,7.08,"Male"
"157",5.96,6.1,6.07,5.36,5.12,"Male"
"158",7.19,7.97,7.3,8.04,8.15,"Male"
"159",7.14,7.79,6.93,7.64,8.65,"Male"
"160",7.19,7.1,6.7,7.36,7.38,"Male"
"161",6.85,6.41,6.19,6.68,6.96,"Male"
"162",8,8.07,7.96,8.46,8.62,"Male"
"163",7.59,7.48,7.41,7.18,7.92,"Male"
"164",6.7,7.34,7.11,7.32,7.35,"Male"
"165",7.59,7.31,7.11,7.68,7.65,"Male"
"166",7.07,6.38,5.3,5.43,4.77,"Male"
"167",6.44,6.48,6.78,6.29,5.81,"Male"
"168",7.19,7,6.74,7.04,7.04,"Male"
"169",6.81,6.38,5.19,5.46,NA,"Female"
"170",6.63,7.03,7,6.75,7.38,"Female"
"171",7.33,7.34,7.22,7.25,7.08,"Male"
"172",7.15,7.79,7.41,NA,7.5,"Female"
"173",7,7.41,7.15,7.04,7.81,"Male"
"174",7.48,7.55,7.67,7.39,8.65,"Female"
"175",7.3,6.41,6.59,7.11,7.38,"Male"
"176",6.3,6.28,5.89,5.71,6.5,"Male"
"177",7.04,7.1,6.81,7,6.92,"Female"
"178",6.7,6.81,6.52,5.39,7,"Male"
"179",8.7,7.83,7.56,8.11,8.07,"Male"
"180",6.81,7.07,5.7,6.29,8.07,"Male"
"181",6.37,5.59,6.33,7.07,7.81,"Female"
"182",6.11,6.55,5.56,6.86,7,"Male"
"183",7.89,8.72,8.19,8.54,9.11,"Male"
"184",7.89,7.97,6.81,8.54,8,"Male"
"185",7.37,5.86,7,7.82,8.21,"Female"
"186",7.48,7.69,7.11,7.93,8.21,"Female"
"187",9.15,8.86,8.34,9.04,9.19,"Male"
"188",7.19,7.45,6.63,7.04,7.79,"Male"
"189",6.85,7.41,6.33,6.39,NA,"Male"
"190",6.44,6.14,6.19,6.82,7.43,"Male"
"191",6.56,6.14,6.33,6.75,7.14,"Female"
"192",8,7.9,7.33,7.47,8.07,"Female"
"193",7.15,6.34,6.56,6.68,6.54,"Female"
"194",7.3,7.07,6.67,6,6.11,"Female"
"195",8.44,7.28,7.96,8,8.29,"Female"
"196",6,5.93,3.96,5.43,6.25,"Male"
"197",5.78,6.28,4.3,6.43,6.75,"Male"
"198",6.37,5.9,5.81,6.04,6.64,"Male"
"199",6.19,6.62,6.3,6.54,7.43,"Male"
"200",6.74,6.72,7.04,7.93,8.32,"Male"
"201",5.52,5.72,6.07,7.11,7.79,"Male"
"202",6.3,6.48,5.63,6.21,6.39,"Male"
"203",6.89,6.69,5.67,6.07,7.39,"Male"
"204",7,7.41,6.37,6.57,7.79,"Male"
"205",6.07,6.07,5.89,6.54,7.81,"Male"
"206",7.11,7.34,6.85,7.96,8.14,"Male"
"207",9.15,9.21,9.59,9.31,9.46,"Female"
"208",7.78,6.86,7.26,7.82,8.36,"Male"
"209",7.59,7.76,7,8.32,8.21,"Female"
"210",7.11,7.41,7,7.32,8.32,"Male"
"211",6.26,6,6.07,5.36,6.21,"Male"
"212",8.3,7.97,8.33,8.29,8.61,"Male"
"213",6.96,5.72,6.33,7.18,NA,"Male"
"214",6.96,6.24,6.85,7.21,7.71,"Male"
"215",8.22,8.76,7.74,8.46,8.38,"Female"
"216",7.15,6.79,6.75,6.78,6.62,"Male"
"217",7.07,7.66,7.22,7.86,7.31,"Female"
"218",7.52,7.82,7.67,8.21,8.38,"Male"
"219",6.33,6.76,5.7,5.18,5.31,"Male"
"220",7.33,6.62,6.26,6.33,6.81,"Male"
"221",7.89,7.97,7.59,8.25,9.35,"Male"
"222",6.44,6.43,6.52,7.04,6.62,"Male"
"223",6.96,6.41,6.33,5.57,5.35,"Male"
"224",7,6.34,6.07,6.14,7,"Female"
"225",6.26,5.55,6.15,5.04,5.08,"Male"
"226",7.22,6.76,7.48,7.93,7.77,"Male"
"227",6.41,6.48,6.41,6.68,7.08,"Male"
"228",5.96,6.1,6.07,5.36,5.12,"Male"
"229",7.19,7.97,7.3,8.04,8.15,"Male"
"230",7.14,7.79,6.93,7.64,8.65,"Male"
"231",7.19,7.1,6.7,7.36,7.38,"Male"
"232",6.85,6.41,6.19,6.68,6.96,"Male"
"233",8,8.07,7.96,8.46,8.62,"Male"
"234",7.59,7.48,7.41,7.18,7.92,"Male"
"235",6.7,7.34,7.11,7.32,7.35,"Male"
"236",7.59,7.31,7.11,7.68,7.65,"Male"
"237",7.07,6.38,5.3,5.43,4.77,"Male"
"238",6.44,6.48,6.78,6.29,5.81,"Male"
"239",7.19,7,6.74,7.04,7.04,"Male"
"240",6.81,6.38,5.19,5.46,NA,"Female"
"241",6.63,7.03,7,6.75,7.38,"Female"
"242",7.33,7.34,7.22,7.25,7.08,"Male"
"243",7.15,7.79,7.41,NA,7.5,"Female"
"244",7,7.41,7.15,7.04,7.81,"Male"
"245",7.48,7.55,7.67,7.39,8.65,"Female"
"246",7.3,6.41,6.59,7.11,7.38,"Male"
"247",6.3,6.28,5.89,5.71,6.5,"Male"
"248",7.04,7.1,6.81,7,6.92,"Female"
"249",6.7,6.81,6.52,5.39,7,"Male"
"250",8.7,7.83,7.56,8.11,8.07,"Male"
"251",6.81,7.07,5.7,6.29,8.07,"Male"
"252",6.37,5.59,6.33,7.07,7.81,"Female"
"253",6.11,6.55,5.56,6.86,7,"Male"
"254",7.89,8.72,8.19,8.54,9.11,"Male"
"255",7.89,7.97,6.81,8.54,8,"Male"
"256",7.37,5.86,7,7.82,8.21,"Female"
"257",7.48,7.69,7.11,7.93,8.21,"Female"
"258",9.15,8.86,8.34,9.04,9.19,"Male"
"259",7.19,7.45,6.63,7.04,7.79,"Male"
"260",6.85,7.41,6.33,6.39,NA,"Male"
"261",6.44,6.14,6.19,6.82,7.43,"Male"
"262",6.56,6.14,6.33,6.75,7.14,"Female"
"263",8,7.9,7.33,7.47,8.07,"Female"
"264",7.15,6.34,6.56,6.68,6.54,"Female"
"265",7.3,7.07,6.67,6,6.11,"Female"
"266",8.44,7.28,7.96,8,8.29,"Female"
"267",6,5.93,3.96,5.43,6.25,"Male"
"268",5.78,6.28,4.3,6.43,6.75,"Male"
"269",6.37,5.9,5.81,6.04,6.64,"Male"
"270",6.19,6.62,6.3,6.54,7.43,"Male"
"271",6.74,6.72,7.04,7.93,8.32,"Male"
"272",5.52,5.72,6.07,7.11,7.79,"Male"
"273",6.3,6.48,5.63,6.21,6.39,"Male"
"274",6.89,6.69,5.67,6.07,7.39,"Male"
"275",7,7.41,6.37,6.57,7.79,"Male"
"276",6.07,6.07,5.89,6.54,7.81,"Male"
"277",7.11,7.34,6.85,7.96,8.14,"Male"
"278",9.15,9.21,9.59,9.31,9.46,"Female"
"279",7.78,6.86,7.26,7.82,8.36,"Male"
"280",7.59,7.76,7,8.32,8.21,"Female"
"281",7.11,7.41,7,7.32,8.32,"Male"
"282",6.26,6,6.07,5.36,6.21,"Male"
"283",8.3,7.97,8.33,8.29,8.61,"Male"
"284",6.96,5.72,6.33,7.18,NA,"Male"
"285",6.96,6.24,6.85,7.21,7.71,"Male"
"286",8.22,8.76,7.74,8.46,8.38,"Female"
"287",7.15,6.79,6.75,6.78,6.62,"Male"
"288",7.07,7.66,7.22,7.86,7.31,"Female"
"289",7.52,7.82,7.67,8.21,8.38,"Male"
"290",6.33,6.76,5.7,5.18,5.31,"Male"
"291",7.33,6.62,6.26,6.33,6.81,"Male"
"292",7.89,7.97,7.59,8.25,9.35,"Male"
"293",6.44,6.43,6.52,7.04,6.62,"Male"
"294",6.96,6.41,6.33,5.57,5.35,"Male"
"295",7,6.34,6.07,6.14,7,"Female"
"296",6.26,5.55,6.15,5.04,5.08,"Male"
"297",7.22,6.76,7.48,7.93,7.77,"Male"
"298",6.41,6.48,6.41,6.68,7.08,"Male"
"299",5.96,6.1,6.07,5.36,5.12,"Male"
"300",7.19,7.97,7.3,8.04,8.15,"Male"
"301",7.14,7.79,6.93,7.64,8.65,"Male"
"302",7.19,7.1,6.7,7.36,7.38,"Male"
"303",6.85,6.41,6.19,6.68,6.96,"Male"
"304",8,8.07,7.96,8.46,8.62,"Male"
"305",7.59,7.48,7.41,7.18,7.92,"Male"
"306",6.7,7.34,7.11,7.32,7.35,"Male"
"307",7.59,7.31,7.11,7.68,7.65,"Male"
"308",7.07,6.38,5.3,5.43,4.77,"Male"
"309",6.44,6.48,6.78,6.29,5.81,"Male"
"310",7.19,7,6.74,7.04,7.04,"Male"
"311",6.81,6.38,5.19,5.46,NA,"Female"
"312",6.63,7.03,7,6.75,7.38,"Female"
"313",7.33,7.34,7.22,7.25,7.08,"Male"
"314",7.15,7.79,7.41,NA,7.5,"Female"
"315",7,7.41,7.15,7.04,7.81,"Male"
"316",7.48,7.55,7.67,7.39,8.65,"Female"
"317",7.3,6.41,6.59,7.11,7.38,"Male"
"318",6.3,6.28,5.89,5.71,6.5,"Male"
"319",7.04,7.1,6.81,7,6.92,"Female"
"320",6.7,6.81,6.52,5.39,7,"Male"
"321",8.7,7.83,7.56,8.11,8.07,"Male"
"322",6.81,7.07,5.7,6.29,8.07,"Male"
"323",6.37,5.59,6.33,7.07,7.81,"Female"
"324",6.11,6.55,5.56,6.86,7,"Male"
"325",7.89,8.72,8.19,8.54,9.11,"Male"
"326",7.89,7.97,6.81,8.54,8,"Male"
"327",7.37,5.86,7,7.82,8.21,"Female"
"328",7.48,7.69,7.11,7.93,8.21,"Female"
"329",9.15,8.86,8.34,9.04,9.19,"Male"
"330",7.19,7.45,6.63,7.04,7.79,"Male"
"331",6.85,7.41,6.33,6.39,NA,"Male"
"332",6.44,6.14,6.19,6.82,7.43,"Male"
"333",6.56,6.14,6.33,6.75,7.14,"Female"
"334",8,7.9,7.33,7.47,8.07,"Female"
"335",7.15,6.34,6.56,6.68,6.54,"Female"
"336",7.3,7.07,6.67,6,6.11,"Female"
"337",8.44,7.28,7.96,8,8.29,"Female"
"338",6,5.93,3.96,5.43,6.25,"Male"
"339",5.78,6.28,4.3,6.43,6.75,"Male"
"340",6.37,5.9,5.81,6.04,6.64,"Male"
"341",6.19,6.62,6.3,6.54,7.43,"Male"
"342",6.74,6.72,7.04,7.93,8.32,"Male"
"343",5.52,5.72,6.07,7.11,7.79,"Male"
"344",6.3,6.48,5.63,6.21,6.39,"Male"
"345",6.89,6.69,5.67,6.07,7.39,"Male"
"346",7,7.41,6.37,6.57,7.79,"Male"
"347",6.07,6.07,5.89,6.54,7.81,"Male"
"348",7.11,7.34,6.85,7.96,8.14,"Male"
"349",9.15,9.21,9.59,9.31,9.46,"Female"
"350",7.78,6.86,7.26,7.82,8.36,"Male"
"351",7.59,7.76,7,8.32,8.21,"Female"
"352",7.11,7.41,7,7.32,8.32,"Male"
"353",6.26,6,6.07,5.36,6.21,"Male"
"354",8.3,7.97,8.33,8.29,8.61,"Male"
"355",6.96,5.72,6.33,7.18,NA,"Male"
"356",6.96,6.24,6.85,7.21,7.71,"Male"
"357",8.22,8.76,7.74,8.46,8.38,"Female"
"358",7.15,6.79,6.75,6.78,6.62,"Male"
"359",7.07,7.66,7.22,7.86,7.31,"Female"
"360",7.52,7.82,7.67,8.21,8.38,"Male"
"361",6.33,6.76,5.7,5.18,5.31,"Male"
"362",7.33,6.62,6.26,6.33,6.81,"Male"
"363",7.89,7.97,7.59,8.25,9.35,"Male"
"364",6.44,6.43,6.52,7.04,6.62,"Male"
"365",6.96,6.41,6.33,5.57,5.35,"Male"
"366",7,6.34,6.07,6.14,7,"Female"
"367",6.26,5.55,6.15,5.04,5.08,"Male"
"368",7.22,6.76,7.48,7.93,7.77,"Male"
"369",6.41,6.48,6.41,6.68,7.08,"Male"
"370",5.96,6.1,6.07,5.36,5.12,"Male"
"371",7.19,7.97,7.3,8.04,8.15,"Male"
"372",7.14,7.79,6.93,7.64,8.65,"Male"
"373",7.19,7.1,6.7,7.36,7.38,"Male"
"374",6.85,6.41,6.19,6.68,6.96,"Male"
"375",8,8.07,7.96,8.46,8.62,"Male"
"376",7.59,7.48,7.41,7.18,7.92,"Male"
"377",6.7,7.34,7.11,7.32,7.35,"Male"
"378",7.59,7.31,7.11,7.68,7.65,"Male"
"379",7.07,6.38,5.3,5.43,4.77,"Male"
"380",6.44,6.48,6.78,6.29,5.81,"Male"
"381",7.19,7,6.74,7.04,7.04,"Male"
"382",6.81,6.38,5.19,5.46,NA,"Female"
"383",6.63,7.03,7,6.75,7.38,"Female"
"384",7.33,7.34,7.22,7.25,7.08,"Male"
"385",7.15,7.79,7.41,NA,7.5,"Female"
"386",7,7.41,7.15,7.04,7.81,"Male"
"387",7.48,7.55,7.67,7.39,8.65,"Female"
"388",7.3,6.41,6.59,7.11,7.38,"Male"
"389",6.3,6.28,5.89,5.71,6.5,"Male"
"390",7.04,7.1,6.81,7,6.92,"Female"
"391",6.7,6.81,6.52,5.39,7,"Male"
"392",8.7,7.83,7.56,8.11,8.07,"Male"
"393",6.81,7.07,5.7,6.29,8.07,"Male"
"394",6.37,5.59,6.33,7.07,7.81,"Female"
"395",6.11,6.55,5.56,6.86,7,"Male"
"396",7.89,8.72,8.19,8.54,9.11,"Male"
"397",7.89,7.97,6.81,8.54,8,"Male"
"398",7.37,5.86,7,7.82,8.21,"Female"
"399",7.48,7.69,7.11,7.93,8.21,"Female"
"400",9.15,8.86,8.34,9.04,9.19,"Male"
"401",7.19,7.45,6.63,7.04,7.79,"Male"
"402",6.85,7.41,6.33,6.39,NA,"Male"
"403",6.44,6.14,6.19,6.82,7.43,"Male"
"404",6.56,6.14,6.33,6.75,7.14,"Female"
"405",8,7.9,7.33,7.47,8.07,"Female"
"406",7.15,6.34,6.56,6.68,6.54,"Female"
"407",7.3,7.07,6.67,6,6.11,"Female"
"408",8.44,7.28,7.96,8,8.29,"Female"
"409",6,5.93,3.96,5.43,6.25,"Male"
"410",5.78,6.28,4.3,6.43,6.75,"Male"
"411",6.37,5.9,5.81,6.04,6.64,"Male"
"412",6.19,6.62,6.3,6.54,7.43,"Male"
"413",6.74,6.72,7.04,7.93,8.32,"Male"
"414",5.52,5.72,6.07,7.11,7.79,"Male"
"415",6.3,6.48,5.63,6.21,6.39,"Male"
"416",6.89,6.69,5.67,6.07,7.39,"Male"
"417",7,7.41,6.37,6.57,7.79,"Male"
"418",6.07,6.07,5.89,6.54,7.81,"Male"
"419",7.11,7.34,6.85,7.96,8.14,"Male"
"420",9.15,9.21,9.59,9.31,9.46,"Female"
"421",7.78,6.86,7.26,7.82,8.36,"Male"
"422",7.59,7.76,7,8.32,8.21,"Female"
"423",7.11,7.41,7,7.32,8.32,"Male"
"424",6.26,6,6.07,5.36,6.21,"Male"
"425",8.3,7.97,8.33,8.29,8.61,"Male"
"426",6.96,5.72,6.33,7.18,NA,"Male"
"427",6.96,6.24,6.85,7.21,7.71,"Male"
"428",8.22,8.76,7.74,8.46,8.38,"Female"
"429",7.15,6.79,6.75,6.78,6.62,"Male"
"430",7.07,7.66,7.22,7.86,7.31,"Female"
"431",7.52,7.82,7.67,8.21,8.38,"Male"
"432",6.33,6.76,5.7,5.18,5.31,"Male"
"433",7.33,6.62,6.26,6.33,6.81,"Male"
"434",7.89,7.97,7.59,8.25,9.35,"Male"
"435",6.44,6.43,6.52,7.04,6.62,"Male"
"436",6.96,6.41,6.33,5.57,5.35,"Male"
"437",7,6.34,6.07,6.14,7,"Female"
"438",6.26,5.55,6.15,5.04,5.08,"Male"
"439",7.22,6.76,7.48,7.93,7.77,"Male"
"440",6.41,6.48,6.41,6.68,7.08,"Male"
"441",5.96,6.1,6.07,5.36,5.12,"Male"
"442",7.19,7.97,7.3,8.04,8.15,"Male"
"443",7.14,7.79,6.93,7.64,8.65,"Male"
"444",7.19,7.1,6.7,7.36,7.38,"Male"
"445",6.85,6.41,6.19,6.68,6.96,"Male"
"446",8,8.07,7.96,8.46,8.62,"Male"
"447",7.59,7.48,7.41,7.18,7.92,"Male"
"448",6.7,7.34,7.11,7.32,7.35,"Male"
"449",7.59,7.31,7.11,7.68,7.65,"Male"
"450",7.07,6.38,5.3,5.43,4.77,"Male"
"451",6.44,6.48,6.78,6.29,5.81,"Male"
"452",7.19,7,6.74,7.04,7.04,"Male"
"453",6.81,6.38,5.19,5.46,NA,"Female"
"454",6.63,7.03,7,6.75,7.38,"Female"
"455",7.33,7.34,7.22,7.25,7.08,"Male"
"456",7.15,7.79,7.41,NA,7.5,"Female"
"457",7,7.41,7.15,7.04,7.81,"Male"
"458",7.48,7.55,7.67,7.39,8.65,"Female"
"459",7.3,6.41,6.59,7.11,7.38,"Male"
"460",6.3,6.28,5.89,5.71,6.5,"Male"
"461",7.04,7.1,6.81,7,6.92,"Female"
"462",6.7,6.81,6.52,5.39,7,"Male"
"463",8.7,7.83,7.56,8.11,8.07,"Male"
"464",6.81,7.07,5.7,6.29,8.07,"Male"
"465",6.37,5.59,6.33,7.07,7.81,"Female"
"466",6.11,6.55,5.56,6.86,7,"Male"
"467",7.89,8.72,8.19,8.54,9.11,"Male"
"468",7.89,7.97,6.81,8.54,8,"Male"
"469",7.37,5.86,7,7.82,8.21,"Female"
"470",7.48,7.69,7.11,7.93,8.21,"Female"
"471",9.15,8.86,8.34,9.04,9.19,"Male"
"472",7.19,7.45,6.63,7.04,7.79,"Male"
"473",6.85,7.41,6.33,6.39,NA,"Male"
"474",6.44,6.14,6.19,6.82,7.43,"Male"
"475",6.56,6.14,6.33,6.75,7.14,"Female"
"476",8,7.9,7.33,7.47,8.07,"Female"
"477",7.15,6.34,6.56,6.68,6.54,"Female"
"478",7.3,7.07,6.67,6,6.11,"Female"
"479",8.44,7.28,7.96,8,8.29,"Female"
"480",6,5.93,3.96,5.43,6.25,"Male"
"481",5.78,6.28,4.3,6.43,6.75,"Male"
"482",6.37,5.9,5.81,6.04,6.64,"Male"
"483",6.19,6.62,6.3,6.54,7.43,"Male"
"484",6.74,6.72,7.04,7.93,8.32,"Male"
"485",5.52,5.72,6.07,7.11,7.79,"Male"
"486",6.3,6.48,5.63,6.21,6.39,"Male"
"487",6.89,6.69,5.67,6.07,7.39,"Male"
"488",7,7.41,6.37,6.57,7.79,"Male"
"489",6.07,6.07,5.89,6.54,7.81,"Male"
"490",7.11,7.34,6.85,7.96,8.14,"Male"
"491",9.15,9.21,9.59,9.31,9.46,"Female"
"492",7.78,6.86,7.26,7.82,8.36,"Male"
"493",7.59,7.76,7,8.32,8.21,"Female"
"494",7.11,7.41,7,7.32,8.32,"Male"
"495",6.26,6,6.07,5.36,6.21,"Male"
"496",8.3,7.97,8.33,8.29,8.61,"Male"
"497",6.96,5.72,6.33,7.18,NA,"Male"
"498",6.96,6.24,6.85,7.21,7.71,"Male"
"499",8.22,8.76,7.74,8.46,8.38,"Female"
"500",7.15,6.79,6.75,6.78,6.62,"Male"
"501",7.07,7.66,7.22,7.86,7.31,"Female"
"502",7.52,7.82,7.67,8.21,8.38,"Male"
"503",6.33,6.76,5.7,5.18,5.31,"Male"
"504",7.33,6.62,6.26,6.33,6.81,"Male"
"505",7.89,7.97,7.59,8.25,9.35,"Male"
"506",6.44,6.43,6.52,7.04,6.62,"Male"
"507",6.96,6.41,6.33,5.57,5.35,"Male"
"508",7,6.34,6.07,6.14,7,"Female"
"509",6.26,5.55,6.15,5.04,5.08,"Male"
"510",7.22,6.76,7.48,7.93,7.77,"Male"
"511",6.41,6.48,6.41,6.68,7.08,"Male"
"512",5.96,6.1,6.07,5.36,5.12,"Male"
"513",7.19,7.97,7.3,8.04,8.15,"Male"
"514",7.14,7.79,6.93,7.64,8.65,"Male"
"515",7.19,7.1,6.7,7.36,7.38,"Male"
"516",6.85,6.41,6.19,6.68,6.96,"Male"
"517",8,8.07,7.96,8.46,8.62,"Male"
"518",7.59,7.48,7.41,7.18,7.92,"Male"
"519",6.7,7.34,7.11,7.32,7.35,"Male"
"520",7.59,7.31,7.11,7.68,7.65,"Male"
"521",7.07,6.38,5.3,5.43,4.77,"Male"
"522",6.44,6.48,6.78,6.29,5.81,"Male"
"523",7.19,7,6.74,7.04,7.04,"Male"
"524",6.81,6.38,5.19,5.46,NA,"Female"
"525",6.63,7.03,7,6.75,7.38,"Female"
"526",7.33,7.34,7.22,7.25,7.08,"Male"
"527",7.15,7.79,7.41,NA,7.5,"Female"
"528",7,7.41,7.15,7.04,7.81,"Male"
"529",7.48,7.55,7.67,7.39,8.65,"Female"
"530",7.3,6.41,6.59,7.11,7.38,"Male"
"531",6.3,6.28,5.89,5.71,6.5,"Male"
"532",7.04,7.1,6.81,7,6.92,"Female"
"533",6.7,6.81,6.52,5.39,7,"Male"
"534",8.7,7.83,7.56,8.11,8.07,"Male"
"535",6.81,7.07,5.7,6.29,8.07,"Male"
"536",6.37,5.59,6.33,7.07,7.81,"Female"
"537",6.11,6.55,5.56,6.86,7,"Male"
"538",7.89,8.72,8.19,8.54,9.11,"Male"
"539",7.89,7.97,6.81,8.54,8,"Male"
"540",7.37,5.86,7,7.82,8.21,"Female"
"541",7.48,7.69,7.11,7.93,8.21,"Female"
"542",9.15,8.86,8.34,9.04,9.19,"Male"
"543",7.19,7.45,6.63,7.04,7.79,"Male"
"544",6.85,7.41,6.33,6.39,NA,"Male"
"545",6.44,6.14,6.19,6.82,7.43,"Male"
"546",6.56,6.14,6.33,6.75,7.14,"Female"
"547",8,7.9,7.33,7.47,8.07,"Female"
"548",7.15,6.34,6.56,6.68,6.54,"Female"
"549",7.3,7.07,6.67,6,6.11,"Female"
"550",8.44,7.28,7.96,8,8.29,"Female"
"551",6,5.93,3.96,5.43,6.25,"Male"
"552",5.78,6.28,4.3,6.43,6.75,"Male"
"553",6.37,5.9,5.81,6.04,6.64,"Male"
"554",6.19,6.62,6.3,6.54,7.43,"Male"
"555",6.74,6.72,7.04,7.93,8.32,"Male"
"556",5.52,5.72,6.07,7.11,7.79,"Male"
"557",6.3,6.48,5.63,6.21,6.39,"Male"
"558",6.89,6.69,5.67,6.07,7.39,"Male"
"559",7,7.41,6.37,6.57,7.79,"Male"
"560",6.07,6.07,5.89,6.54,7.81,"Male"
"561",7.11,7.34,6.85,7.96,8.14,"Male"
"562",9.15,9.21,9.59,9.31,9.46,"Female"
"563",7.78,6.86,7.26,7.82,8.36,"Male"
"564",7.59,7.76,7,8.32,8.21,"Female"
"565",7.11,7.41,7,7.32,8.32,"Male"
"566",6.26,6,6.07,5.36,6.21,"Male"
"567",8.3,7.97,8.33,8.29,8.61,"Male"
"568",6.96,5.72,6.33,7.18,NA,"Male"
"569",6.96,6.24,6.85,7.21,7.71,"Male"
"570",8.22,8.76,7.74,8.46,8.38,"Female"
"571",7.15,6.79,6.75,6.78,6.62,"Male"
"572",7.07,7.66,7.22,7.86,7.31,"Female"
"573",7.52,7.82,7.67,8.21,8.38,"Male"
"574",6.33,6.76,5.7,5.18,5.31,"Male"
"575",7.33,6.62,6.26,6.33,6.81,"Male"
"576",7.89,7.97,7.59,8.25,9.35,"Male"
"577",6.44,6.43,6.52,7.04,6.62,"Male"
"578",6.96,6.41,6.33,5.57,5.35,"Male"
"579",7,6.34,6.07,6.14,7,"Female"
"580",6.26,5.55,6.15,5.04,5.08,"Male"
"581",7.22,6.76,7.48,7.93,7.77,"Male"
"582",6.41,6.48,6.41,6.68,7.08,"Male"
"583",5.96,6.1,6.07,5.36,5.12,"Male"
"584",7.19,7.97,7.3,8.04,8.15,"Male"
"585",7.14,7.79,6.93,7.64,8.65,"Male"
"586",7.19,7.1,6.7,7.36,7.38,"Male"
"587",6.85,6.41,6.19,6.68,6.96,"Male"
"588",8,8.07,7.96,8.46,8.62,"Male"
"589",7.59,7.48,7.41,7.18,7.92,"Male"
"590",6.7,7.34,7.11,7.32,7.35,"Male"
"591",7.59,7.31,7.11,7.68,7.65,"Male"
"592",7.07,6.38,5.3,5.43,4.77,"Male"
"593",6.44,6.48,6.78,6.29,5.81,"Male"
"594",7.19,7,6.74,7.04,7.04,"Male"
"595",6.81,6.38,5.19,5.46,NA,"Female"
"596",6.63,7.03,7,6.75,7.38,"Female"
"597",7.33,7.34,7.22,7.25,7.08,"Male"
"598",7.15,7.79,7.41,NA,7.5,"Female"
"599",7,7.41,7.15,7.04,7.81,"Male"
"600",7.48,7.55,7.67,7.39,8.65,"Female"
"601",7.3,6.41,6.59,7.11,7.38,"Male"
"602",6.3,6.28,5.89,5.71,6.5,"Male"
"603",7.04,7.1,6.81,7,6.92,"Female"
"604",6.7,6.81,6.52,5.39,7,"Male"
"605",8.7,7.83,7.56,8.11,8.07,"Male"
"606",6.81,7.07,5.7,6.29,8.07,"Male"
"607",6.37,5.59,6.33,7.07,7.81,"Female"
"608",6.11,6.55,5.56,6.86,7,"Male"
"609",7.89,8.72,8.19,8.54,9.11,"Male"
"610",7.89,7.97,6.81,8.54,8,"Male"
"611",7.37,5.86,7,7.82,8.21,"Female"
"612",7.48,7.69,7.11,7.93,8.21,"Female"
"613",9.15,8.86,8.34,9.04,9.19,"Male"
"614",7.19,7.45,6.63,7.04,7.79,"Male"
"615",6.85,7.41,6.33,6.39,NA,"Male"
"616",6.44,6.14,6.19,6.82,7.43,"Male"
"617",6.56,6.14,6.33,6.75,7.14,"Female"
"618",8,7.9,7.33,7.47,8.07,"Female"
"619",7.15,6.34,6.56,6.68,6.54,"Female"
"620",7.3,7.07,6.67,6,6.11,"Female"
"621",8.44,7.28,7.96,8,8.29,"Female"
"622",6,5.93,3.96,5.43,6.25,"Male"
"623",5.78,6.28,4.3,6.43,6.75,"Male"
"624",6.37,5.9,5.81,6.04,6.64,"Male"
"625",6.19,6.62,6.3,6.54,7.43,"Male"
"626",6.74,6.72,7.04,7.93,8.32,"Male"
"627",5.52,5.72,6.07,7.11,7.79,"Male"
"628",6.3,6.48,5.63,6.21,6.39,"Male"
"629",6.89,6.69,5.67,6.07,7.39,"Male"
"630",7,7.41,6.37,6.57,7.79,"Male"
"631",6.07,6.07,5.89,6.54,7.81,"Male"
"632",7.11,7.34,6.85,7.96,8.14,"Male"
"633",9.15,9.21,9.59,9.31,9.46,"Female"
"634",7.78,6.86,7.26,7.82,8.36,"Male"
"635",7.59,7.76,7,8.32,8.21,"Female"
"636",7.11,7.41,7,7.32,8.32,"Male"
"637",6.26,6,6.07,5.36,6.21,"Male"
"638",8.3,7.97,8.33,8.29,8.61,"Male"
"639",6.96,5.72,6.33,7.18,NA,"Male"
"640",6.96,6.24,6.85,7.21,7.71,"Male"
"641",8.22,8.76,7.74,8.46,8.38,"Female"
"642",7.15,6.79,6.75,6.78,6.62,"Male"
"643",7.07,7.66,7.22,7.86,7.31,"Female"
"644",7.52,7.82,7.67,8.21,8.38,"Male"
"645",6.33,6.76,5.7,5.18,5.31,"Male"
"646",7.33,6.62,6.26,6.33,6.81,"Male"
"647",7.89,7.97,7.59,8.25,9.35,"Male"
"648",6.44,6.43,6.52,7.04,6.62,"Male"
"649",6.96,6.41,6.33,5.57,5.35,"Male"
"650",7,6.34,6.07,6.14,7,"Female"
"651",6.26,5.55,6.15,5.04,5.08,"Male"
"652",7.22,6.76,7.48,7.93,7.77,"Male"
"653",6.41,6.48,6.41,6.68,7.08,"Male"
"654",5.96,6.1,6.07,5.36,5.12,"Male"
"655",7.19,7.97,7.3,8.04,8.15,"Male"
"656",7.14,7.79,6.93,7.64,8.65,"Male"
"657",7.19,7.1,6.7,7.36,7.38,"Male"
"658",6.85,6.41,6.19,6.68,6.96,"Male"
"659",8,8.07,7.96,8.46,8.62,"Male"
"660",7.59,7.48,7.41,7.18,7.92,"Male"
"661",6.7,7.34,7.11,7.32,7.35,"Male"
"662",7.59,7.31,7.11,7.68,7.65,"Male"
"663",7.07,6.38,5.3,5.43,4.77,"Male"
"664",6.44,6.48,6.78,6.29,5.81,"Male"
"665",7.19,7,6.74,7.04,7.04,"Male"
"666",6.81,6.38,5.19,5.46,NA,"Female"
"667",6.63,7.03,7,6.75,7.38,"Female"
"668",7.33,7.34,7.22,7.25,7.08,"Male"
"669",7.15,7.79,7.41,NA,7.5,"Female"
"670",7,7.41,7.15,7.04,7.81,"Male"
"671",7.48,7.55,7.67,7.39,8.65,"Female"
"672",7.3,6.41,6.59,7.11,7.38,"Male"
"673",6.3,6.28,5.89,5.71,6.5,"Male"
"674",7.04,7.1,6.81,7,6.92,"Female"
"675",6.7,6.81,6.52,5.39,7,"Male"
"676",8.7,7.83,7.56,8.11,8.07,"Male"
"677",6.81,7.07,5.7,6.29,8.07,"Male"
"678",6.37,5.59,6.33,7.07,7.81,"Female"
"679",6.11,6.55,5.56,6.86,7,"Male"
"680",7.89,8.72,8.19,8.54,9.11,"Male"
"681",7.89,7.97,6.81,8.54,8,"Male"
"682",7.37,5.86,7,7.82,8.21,"Female"
"683",7.48,7.69,7.11,7.93,8.21,"Female"
"684",9.15,8.86,8.34,9.04,9.19,"Male"
"685",7.19,7.45,6.63,7.04,7.79,"Male"
"686",6.85,7.41,6.33,6.39,NA,"Male"
"687",6.44,6.14,6.19,6.82,7.43,"Male"
"688",6.56,6.14,6.33,6.75,7.14,"Female"
"689",8,7.9,7.33,7.47,8.07,"Female"
"690",7.15,6.34,6.56,6.68,6.54,"Female"
"691",7.3,7.07,6.67,6,6.11,"Female"
"692",8.44,7.28,7.96,8,8.29,"Female"
"693",6,5.93,3.96,5.43,6.25,"Male"
"694",5.78,6.28,4.3,6.43,6.75,"Male"
"695",6.37,5.9,5.81,6.04,6.64,"Male"
"696",6.19,6.62,6.3,6.54,7.43,"Male"
"697",6.74,6.72,7.04,7.93,8.32,"Male"
"698",5.52,5.72,6.07,7.11,7.79,"Male"
"699",6.3,6.48,5.63,6.21,6.39,"Male"
"700",6.89,6.69,5.67,6.07,7.39,"Male"
"701",7,7.41,6.37,6.57,7.79,"Male"
"702",6.07,6.07,5.89,6.54,7.81,"Male"
"703",7.11,7.34,6.85,7.96,8.14,"Male"
"704",9.15,9.21,9.59,9.31,9.46,"Female"
"705",7.78,6.86,7.26,7.82,8.36,"Male"
"706",7.59,7.76,7,8.32,8.21,"Female"
"707",7.11,7.41,7,7.32,8.32,"Male"
"708",6.26,6,6.07,5.36,6.21,"Male"
"709",8.3,7.97,8.33,8.29,8.61,"Male"
"710",6.96,5.72,6.33,7.18,NA,"Male"
"711",6.96,6.24,6.85,7.21,7.71,"Male"
"712",8.22,8.76,7.74,8.46,8.38,"Female"
"713",7.15,6.79,6.75,6.78,6.62,"Male"
"714",7.07,7.66,7.22,7.86,7.31,"Female"
"715",7.52,7.82,7.67,8.21,8.38,"Male"
"716",6.33,6.76,5.7,5.18,5.31,"Male"
"717",7.33,6.62,6.26,6.33,6.81,"Male"
"718",7.89,7.97,7.59,8.25,9.35,"Male"
"719",6.44,6.43,6.52,7.04,6.62,"Male"
"720",6.96,6.41,6.33,5.57,5.35,"Male"
"721",7,6.34,6.07,6.14,7,"Female"
"722",6.26,5.55,6.15,5.04,5.08,"Male"
"723",7.22,6.76,7.48,7.93,7.77,"Male"
"724",6.41,6.48,6.41,6.68,7.08,"Male"
"725",5.96,6.1,6.07,5.36,5.12,"Male"
"726",7.19,7.97,7.3,8.04,8.15,"Male"
"727",7.14,7.79,6.93,7.64,8.65,"Male"
"728",7.19,7.1,6.7,7.36,7.38,"Male"
"729",6.85,6.41,6.19,6.68,6.96,"Male"
"730",8,8.07,7.96,8.46,8.62,"Male"
"731",7.59,7.48,7.41,7.18,7.92,"Male"
"732",6.7,7.34,7.11,7.32,7.35,"Male"
"733",7.59,7.31,7.11,7.68,7.65,"Male"
"734",7.07,6.38,5.3,5.43,4.77,"Male"
"735",6.44,6.48,6.78,6.29,5.81,"Male"
"736",7.19,7,6.74,7.04,7.04,"Male"
"737",6.81,6.38,5.19,5.46,NA,"Female"
"738",6.63,7.03,7,6.75,7.38,"Female"
"739",7.33,7.34,7.22,7.25,7.08,"Male"
"740",7.15,7.79,7.41,NA,7.5,"Female"
"741",7,7.41,7.15,7.04,7.81,"Male"
"742",7.48,7.55,7.67,7.39,8.65,"Female"
"743",7.3,6.41,6.59,7.11,7.38,"Male"
"744",6.3,6.28,5.89,5.71,6.5,"Male"
"745",7.04,7.1,6.81,7,6.92,"Female"
"746",6.7,6.81,6.52,5.39,7,"Male"
"747",8.7,7.83,7.56,8.11,8.07,"Male"
"748",6.81,7.07,5.7,6.29,8.07,"Male"
"749",6.37,5.59,6.33,7.07,7.81,"Female"
"750",6.11,6.55,5.56,6.86,7,"Male"
"751",7.89,8.72,8.19,8.54,9.11,"Male"
"752",7.89,7.97,6.81,8.54,8,"Male"
"753",7.37,5.86,7,7.82,8.21,"Female"
"754",7.48,7.69,7.11,7.93,8.21,"Female"
"755",9.15,8.86,8.34,9.04,9.19,"Male"
"756",7.19,7.45,6.63,7.04,7.79,"Male"
"757",6.85,7.41,6.33,6.39,NA,"Male"
"758",6.44,6.14,6.19,6.82,7.43,"Male"
"759",6.56,6.14,6.33,6.75,7.14,"Female"
"760",8,7.9,7.33,7.47,8.07,"Female"
"761",7.15,6.34,6.56,6.68,6.54,"Female"
"762",7.3,7.07,6.67,6,6.11,"Female"
"763",8.44,7.28,7.96,8,8.29,"Female"
"764",6,5.93,3.96,5.43,6.25,"Male"
"765",5.78,6.28,4.3,6.43,6.75,"Male"
"766",6.37,5.9,5.81,6.04,6.64,"Male"
"767",6.19,6.62,6.3,6.54,7.43,"Male"
"768",6.74,6.72,7.04,7.93,8.32,"Male"
"769",5.52,5.72,6.07,7.11,7.79,"Male"
"770",6.3,6.48,5.63,6.21,6.39,"Male"
"771",6.89,6.69,5.67,6.07,7.39,"Male"
"772",7,7.41,6.37,6.57,7.79,"Male"
"773",6.07,6.07,5.89,6.54,7.81,"Male"
"774",7.11,7.34,6.85,7.96,8.14,"Male"
"775",9.15,9.21,9.59,9.31,9.46,"Female"
"776",7.78,6.86,7.26,7.82,8.36,"Male"
"777",7.59,7.76,7,8.32,8.21,"Female"
"778",7.11,7.41,7,7.32,8.32,"Male"
"779",6.26,6,6.07,5.36,6.21,"Male"
"780",8.3,7.97,8.33,8.29,8.61,"Male"
"781",6.96,5.72,6.33,7.18,NA,"Male"
"782",6.96,6.24,6.85,7.21,7.71,"Male"
"783",8.22,8.76,7.74,8.46,8.38,"Female"
"784",7.15,6.79,6.75,6.78,6.62,"Male"
"785",7.07,7.66,7.22,7.86,7.31,"Female"
"786",7.52,7.82,7.67,8.21,8.38,"Male"
"787",6.33,6.76,5.7,5.18,5.31,"Male"
"788",7.33,6.62,6.26,6.33,6.81,"Male"
"789",7.89,7.97,7.59,8.25,9.35,"Male"
"790",6.44,6.43,6.52,7.04,6.62,"Male"
"791",6.96,6.41,6.33,5.57,5.35,"Male"
"792",7,6.34,6.07,6.14,7,"Female"
"793",6.26,5.55,6.15,5.04,5.08,"Male"
"794",7.22,6.76,7.48,7.93,7.77,"Male"
"795",6.41,6.48,6.41,6.68,7.08,"Male"
"796",5.96,6.1,6.07,5.36,5.12,"Male"
"797",7.19,7.97,7.3,8.04,8.15,"Male"
"798",7.14,7.79,6.93,7.64,8.65,"Male"
"799",7.19,7.1,6.7,7.36,7.38,"Male"
"800",6.85,6.41,6.19,6.68,6.96,"Male"
"801",8,8.07,7.96,8.46,8.62,"Male"
"802",7.59,7.48,7.41,7.18,7.92,"Male"
"803",6.7,7.34,7.11,7.32,7.35,"Male"
"804",7.59,7.31,7.11,7.68,7.65,"Male"
"805",7.07,6.38,5.3,5.43,4.77,"Male"
"806",6.44,6.48,6.78,6.29,5.81,"Male"
"807",7.19,7,6.74,7.04,7.04,"Male"
"808",6.81,6.38,5.19,5.46,NA,"Female"
"809",6.63,7.03,7,6.75,7.38,"Female"
"810",7.33,7.34,7.22,7.25,7.08,"Male"
"811",7.15,7.79,7.41,NA,7.5,"Female"
"812",7,7.41,7.15,7.04,7.81,"Male"
"813",7.48,7.55,7.67,7.39,8.65,"Female"
"814",7.3,6.41,6.59,7.11,7.38,"Male"
"815",6.3,6.28,5.89,5.71,6.5,"Male"
"816",7.04,7.1,6.81,7,6.92,"Female"
"817",6.7,6.81,6.52,5.39,7,"Male"
"818",8.7,7.83,7.56,8.11,8.07,"Male"
"819",6.81,7.07,5.7,6.29,8.07,"Male"
"820",6.37,5.59,6.33,7.07,7.81,"Female"
"821",6.11,6.55,5.56,6.86,7,"Male"
"822",7.89,8.72,8.19,8.54,9.11,"Male"
"823",7.89,7.97,6.81,8.54,8,"Male"
"824",7.37,5.86,7,7.82,8.21,"Female"
"825",7.48,7.69,7.11,7.93,8.21,"Female"
"826",9.15,8.86,8.34,9.04,9.19,"Male"
"827",7.19,7.45,6.63,7.04,7.79,"Male"
"828",6.85,7.41,6.33,6.39,NA,"Male"
"829",6.44,6.14,6.19,6.82,7.43,"Male"
"830",6.56,6.14,6.33,6.75,7.14,"Female"
"831",8,7.9,7.33,7.47,8.07,"Female"
"832",7.15,6.34,6.56,6.68,6.54,"Female"
"833",7.3,7.07,6.67,6,6.11,"Female"
"834",8.44,7.28,7.96,8,8.29,"Female"
"835",6,5.93,3.96,5.43,6.25,"Male"
"836",5.78,6.28,4.3,6.43,6.75,"Male"
"837",6.37,5.9,5.81,6.04,6.64,"Male"
"838",6.19,6.62,6.3,6.54,7.43,"Male"
"839",6.74,6.72,7.04,7.93,8.32,"Male"
"840",5.52,5.72,6.07,7.11,7.79,"Male"
"841",6.3,6.48,5.63,6.21,6.39,"Male"
"842",6.89,6.69,5.67,6.07,7.39,"Male"
"843",7,7.41,6.37,6.57,7.79,"Male"
"844",6.07,6.07,5.89,6.54,7.81,"Male"
"845",7.11,7.34,6.85,7.96,8.14,"Male"
"846",9.15,9.21,9.59,9.31,9.46,"Female"
"847",7.78,6.86,7.26,7.82,8.36,"Male"
"848",7.59,7.76,7,8.32,8.21,"Female"
"849",7.11,7.41,7,7.32,8.32,"Male"
"850",6.26,6,6.07,5.36,6.21,"Male"
"851",8.3,7.97,8.33,8.29,8.61,"Male"
"852",6.96,5.72,6.33,7.18,NA,"Male"
"853",6.96,6.24,6.85,7.21,7.71,"Male"
"854",8.22,8.76,7.74,8.46,8.38,"Female"
"855",7.15,6.79,6.75,6.78,6.62,"Male"
"856",7.07,7.66,7.22,7.86,7.31,"Female"
"857",7.52,7.82,7.67,8.21,8.38,"Male"
"858",6.33,6.76,5.7,5.18,5.31,"Male"
"859",7.33,6.62,6.26,6.33,6.81,"Male"
"860",7.89,7.97,7.59,8.25,9.35,"Male"
"861",6.44,6.43,6.52,7.04,6.62,"Male"
"862",6.96,6.41,6.33,5.57,5.35,"Male"
"863",7,6.34,6.07,6.14,7,"Female"
"864",6.26,5.55,6.15,5.04,5.08,"Male"
"865",7.22,6.76,7.48,7.93,7.77,"Male"
"866",6.41,6.48,6.41,6.68,7.08,"Male"
"867",5.96,6.1,6.07,5.36,5.12,"Male"
"868",7.19,7.97,7.3,8.04,8.15,"Male"
"869",7.14,7.79,6.93,7.64,8.65,"Male"
"870",7.19,7.1,6.7,7.36,7.38,"Male"
"871",6.85,6.41,6.19,6.68,6.96,"Male"
"872",8,8.07,7.96,8.46,8.62,"Male"
"873",7.59,7.48,7.41,7.18,7.92,"Male"
"874",6.7,7.34,7.11,7.32,7.35,"Male"
"875",7.59,7.31,7.11,7.68,7.65,"Male"
"876",7.07,6.38,5.3,5.43,4.77,"Male"
"877",6.44,6.48,6.78,6.29,5.81,"Male"
"878",7.19,7,6.74,7.04,7.04,"Male"
"879",6.81,6.38,5.19,5.46,NA,"Female"
"880",6.63,7.03,7,6.75,7.38,"Female"
"881",7.33,7.34,7.22,7.25,7.08,"Male"
"882",7.15,7.79,7.41,NA,7.5,"Female"
"883",7,7.41,7.15,7.04,7.81,"Male"
"884",7.48,7.55,7.67,7.39,8.65,"Female"
"885",7.3,6.41,6.59,7.11,7.38,"Male"
"886",6.3,6.28,5.89,5.71,6.5,"Male"
"887",7.04,7.1,6.81,7,6.92,"Female"
"888",6.7,6.81,6.52,5.39,7,"Male"
"889",8.7,7.83,7.56,8.11,8.07,"Male"
"890",6.81,7.07,5.7,6.29,8.07,"Male"
"891",6.37,5.59,6.33,7.07,7.81,"Female"
"892",6.11,6.55,5.56,6.86,7,"Male"
"893",7.89,8.72,8.19,8.54,9.11,"Male"
"894",7.89,7.97,6.81,8.54,8,"Male"
"895",7.37,5.86,7,7.82,8.21,"Female"
"896",7.48,7.69,7.11,7.93,8.21,"Female"
"897",9.15,8.86,8.34,9.04,9.19,"Male"
"898",7.19,7.45,6.63,7.04,7.79,"Male"
"899",6.85,7.41,6.33,6.39,NA,"Male"
"900",6.44,6.14,6.19,6.82,7.43,"Male"
"901",6.56,6.14,6.33,6.75,7.14,"Female"
"902",8,7.9,7.33,7.47,8.07,"Female"
"903",7.15,6.34,6.56,6.68,6.54,"Female"
"904",7.3,7.07,6.67,6,6.11,"Female"
"905",8.44,7.28,7.96,8,8.29,"Female"
"906",6,5.93,3.96,5.43,6.25,"Male"
"907",5.78,6.28,4.3,6.43,6.75,"Male"
"908",6.37,5.9,5.81,6.04,6.64,"Male"
"909",6.19,6.62,6.3,6.54,7.43,"Male"
"910",6.74,6.72,7.04,7.93,8.32,"Male"
"911",5.52,5.72,6.07,7.11,7.79,"Male"
"912",6.3,6.48,5.63,6.21,6.39,"Male"
"913",6.89,6.69,5.67,6.07,7.39,"Male"
"914",7,7.41,6.37,6.57,7.79,"Male"
"915",6.07,6.07,5.89,6.54,7.81,"Male"
"916",7.11,7.34,6.85,7.96,8.14,"Male"
"917",9.15,9.21,9.59,9.31,9.46,"Female"
"918",7.78,6.86,7.26,7.82,8.36,"Male"
"919",7.59,7.76,7,8.32,8.21,"Female"
"920",7.11,7.41,7,7.32,8.32,"Male"
"921",6.26,6,6.07,5.36,6.21,"Male"
"922",8.3,7.97,8.33,8.29,8.61,"Male"
"923",6.96,5.72,6.33,7.18,NA,"Male"
"924",6.96,6.24,6.85,7.21,7.71,"Male"
"925",8.22,8.76,7.74,8.46,8.38,"Female"
"926",7.15,6.79,6.75,6.78,6.62,"Male"
"927",7.07,7.66,7.22,7.86,7.31,"Female"
"928",7.52,7.82,7.67,8.21,8.38,"Male"
"929",6.33,6.76,5.7,5.18,5.31,"Male"
"930",7.33,6.62,6.26,6.33,6.81,"Male"
"931",7.89,7.97,7.59,8.25,9.35,"Male"
"932",6.44,6.43,6.52,7.04,6.62,"Male"
"933",6.96,6.41,6.33,5.57,5.35,"Male"
"934",7,6.34,6.07,6.14,7,"Female"
"935",6.26,5.55,6.15,5.04,5.08,"Male"
"936",7.22,6.76,7.48,7.93,7.77,"Male"
"937",6.41,6.48,6.41,6.68,7.08,"Male"
"938",5.96,6.1,6.07,5.36,5.12,"Male"
"939",7.19,7.97,7.3,8.04,8.15,"Male"
"940",7.14,7.79,6.93,7.64,8.65,"Male"
"941",7.19,7.1,6.7,7.36,7.38,"Male"
"942",6.85,6.41,6.19,6.68,6.96,"Male"
"943",8,8.07,7.96,8.46,8.62,"Male"
"944",7.59,7.48,7.41,7.18,7.92,"Male"
"945",6.7,7.34,7.11,7.32,7.35,"Male"
"946",7.59,7.31,7.11,7.68,7.65,"Male"
"947",7.07,6.38,5.3,5.43,4.77,"Male"
"948",6.44,6.48,6.78,6.29,5.81,"Male"
"949",7.19,7,6.74,7.04,7.04,"Male"
"950",6.81,6.38,5.19,5.46,NA,"Female"
"951",6.63,7.03,7,6.75,7.38,"Female"
"952",7.33,7.34,7.22,7.25,7.08,"Male"
"953",7.15,7.79,7.41,NA,7.5,"Female"
"954",7,7.41,7.15,7.04,7.81,"Male"
"955",7.48,7.55,7.67,7.39,8.65,"Female"
"956",7.3,6.41,6.59,7.11,7.38,"Male"
"957",6.3,6.28,5.89,5.71,6.5,"Male"
"958",7.04,7.1,6.81,7,6.92,"Female"
"959",6.7,6.81,6.52,5.39,7,"Male"
"960",8.7,7.83,7.56,8.11,8.07,"Male"
"961",6.81,7.07,5.7,6.29,8.07,"Male"
"962",6.37,5.59,6.33,7.07,7.81,"Female"
"963",6.11,6.55,5.56,6.86,7,"Male"
"964",7.89,8.72,8.19,8.54,9.11,"Male"
"965",7.89,7.97,6.81,8.54,8,"Male"
"966",7.37,5.86,7,7.82,8.21,"Female"
"967",7.48,7.69,7.11,7.93,8.21,"Female"
"968",9.15,8.86,8.34,9.04,9.19,"Male"
"969",7.19,7.45,6.63,7.04,7.79,"Male"
"970",6.85,7.41,6.33,6.39,NA,"Male"
"971",6.44,6.14,6.19,6.82,7.43,"Male"
"972",6.56,6.14,6.33,6.75,7.14,"Female"
"973",8,7.9,7.33,7.47,8.07,"Female"
"974",7.15,6.34,6.56,6.68,6.54,"Female"
"975",7.3,7.07,6.67,6,6.11,"Female"
"976",8.44,7.28,7.96,8,8.29,"Female"
"977",6,5.93,3.96,5.43,6.25,"Male"
"978",5.78,6.28,4.3,6.43,6.75,"Male"
"979",6.37,5.9,5.81,6.04,6.64,"Male"
"980",6.19,6.62,6.3,6.54,7.43,"Male"
"981",6.74,6.72,7.04,7.93,8.32,"Male"
"982",5.52,5.72,6.07,7.11,7.79,"Male"
"983",6.3,6.48,5.63,6.21,6.39,"Male"
"984",6.89,6.69,5.67,6.07,7.39,"Male"
"985",7,7.41,6.37,6.57,7.79,"Male"
"986",6.07,6.07,5.89,6.54,7.81,"Male"
"987",7.11,7.34,6.85,7.96,8.14,"Male"
"988",9.15,9.21,9.59,9.31,9.46,"Female"
"989",7.78,6.86,7.26,7.82,8.36,"Male"
"990",7.59,7.76,7,8.32,8.21,"Female"
"991",7.11,7.41,7,7.32,8.32,"Male"
"992",6.26,6,6.07,5.36,6.21,"Male"
"993",8.3,7.97,8.33,8.29,8.61,"Male"
"994",6.96,5.72,6.33,7.18,NA,"Male"
"995",6.96,6.24,6.85,7.21,7.71,"Male"
"996",8.22,8.76,7.74,8.46,8.38,"Female"
"997",7.15,6.79,6.75,6.78,6.62,"Male"
"998",7.07,7.66,7.22,7.86,7.31,"Female"
"999",7.52,7.82,7.67,8.21,8.38,"Male"
"1000",6.33,6.76,5.7,5.18,5.31,"Male"
"1001",7.33,6.62,6.26,6.33,6.81,"Male"
"1002",7.89,7.97,7.59,8.25,9.35,"Male"
"1003",6.44,6.43,6.52,7.04,6.62,"Male"
"1004",6.96,6.41,6.33,5.57,5.35,"Male"
"1005",7,6.34,6.07,6.14,7,"Female"
"1006",6.26,5.55,6.15,5.04,5.08,"Male"
"1007",7.22,6.76,7.48,7.93,7.77,"Male"
"1008",6.41,6.48,6.41,6.68,7.08,"Male"
"1009",5.96,6.1,6.07,5.36,5.12,"Male"
"1010",7.19,7.97,7.3,8.04,8.15,"Male"
"1011",7.14,7.79,6.93,7.64,8.65,"Male"
"1012",7.19,7.1,6.7,7.36,7.38,"Male"
"1013",6.85,6.41,6.19,6.68,6.96,"Male"
"1014",8,8.07,7.96,8.46,8.62,"Male"
"1015",7.59,7.48,7.41,7.18,7.92,"Male"
"1016",6.7,7.34,7.11,7.32,7.35,"Male"
"1017",7.59,7.31,7.11,7.68,7.65,"Male"
"1018",7.07,6.38,5.3,5.43,4.77,"Male"
"1019",6.44,6.48,6.78,6.29,5.81,"Male"
"1020",7.19,7,6.74,7.04,7.04,"Male"
"1021",6.81,6.38,5.19,5.46,NA,"Female"
"1022",6.63,7.03,7,6.75,7.38,"Female"
"1023",7.33,7.34,7.22,7.25,7.08,"Male"
"1024",7.15,7.79,7.41,NA,7.5,"Female"
"1025",7,7.41,7.15,7.04,7.81,"Male"
"1026",7.48,7.55,7.67,7.39,8.65,"Female"
"1027",7.3,6.41,6.59,7.11,7.38,"Male"
"1028",6.3,6.28,5.89,5.71,6.5,"Male"
"1029",7.04,7.1,6.81,7,6.92,"Female"
"1030",6.7,6.81,6.52,5.39,7,"Male"
